Order_ID,Distance_km,Weather,Traffic_Level,Time_of_Day,Vehicle_Type,Preparation_Time_min,Courier_Experience_yrs,Delivery_Time_min,Estimasi_per_km,Kategori_Waktu
522,7.93,Windy,Low,Afternoon,Scooter,12,1.0,43,5.422446406052964,Sedang
738,16.42,Clear,Medium,Evening,Bike,20,2.0,84,5.115712545676004,Lama
741,9.52,Foggy,Low,Night,Scooter,28,1.0,59,6.197478991596639,Sedang
661,7.44,Rainy,Medium,Afternoon,Scooter,5,1.0,37,4.973118279569892,Cepat
412,19.03,Clear,Low,Morning,Bike,16,5.0,68,3.5733053074093535,Sedang
679,19.4,Clear,Low,Evening,Scooter,8,9.0,57,2.9381443298969074,Sedang
627,9.52,Clear,Low,,Bike,12,1.0,49,5.147058823529412,Sedang
514,17.39,Clear,Medium,Evening,Scooter,5,6.0,46,2.645198389879241,Sedang
860,1.78,Snowy,Low,Evening,Car,20,6.0,35,19.662921348314608,Cepat
137,10.62,Foggy,Low,Evening,Scooter,29,1.0,73,6.873822975517891,Lama
812,16.86,Snowy,Medium,Afternoon,Car,13,4.0,88,5.2194543297746145,Lama
77,15.54,Clear,Low,Night,Bike,29,1.0,76,4.890604890604891,Lama
637,10.89,Clear,High,Night,Bike,12,5.0,53,4.866850321395776,Sedang
974,4.69,Rainy,Medium,Evening,Scooter,12,7.0,36,7.675906183368869,Cepat
939,2.8,Clear,High,Morning,Scooter,10,,33,11.785714285714286,Cepat
900,2.17,Snowy,Low,Evening,Car,15,3.0,35,16.129032258064516,Cepat
281,17.86,Rainy,Low,Afternoon,Bike,5,1.0,50,2.799552071668533,Sedang
884,2.53,Snowy,Low,Morning,Bike,6,8.0,24,9.486166007905139,Cepat
762,6.58,Foggy,Low,Evening,Car,6,7.0,27,4.103343465045593,Cepat
320,5.38,Clear,Medium,Evening,Scooter,26,1.0,47,8.736059479553903,Sedang
550,15.56,Rainy,Low,Afternoon,Scooter,28,0.0,72,4.627249357326478,Lama
175,13.08,Rainy,Low,Morning,Car,16,4.0,58,4.434250764525994,Sedang
372,0.86,Clear,High,Afternoon,Bike,26,5.0,37,43.02325581395349,Cepat
528,5.83,Clear,High,Evening,Car,27,9.0,56,9.60548885077187,Sedang
211,11.2,Clear,Medium,Morning,Bike,23,,73,6.517857142857143,Lama
236,14.59,Clear,Medium,Morning,Bike,15,6.0,64,4.386566141192597,Sedang
102,12.91,Windy,Medium,Evening,Bike,11,6.0,56,4.337722695584818,Sedang
987,13.92,Snowy,Low,Morning,Scooter,18,4.0,70,5.028735632183908,Lama
903,4.04,Snowy,Low,Night,Bike,11,9.0,70,17.326732673267326,Lama
948,18.05,Clear,Medium,Evening,Scooter,10,7.0,123,6.814404432132964,Lama
347,12.88,Clear,Medium,Morning,Scooter,8,5.0,52,4.037267080745341,Sedang
140,19.45,Rainy,High,Morning,Scooter,20,6.0,108,5.552699228791774,Lama
622,4.58,Clear,High,Morning,Scooter,22,9.0,45,9.825327510917031,Sedang
500,19.73,Foggy,Medium,Evening,Bike,27,4.0,111,5.625950329447542,Lama
371,2.47,Windy,Medium,Morning,Bike,27,2.0,44,17.813765182186234,Sedang
199,17.8,Snowy,Medium,Morning,Bike,16,9.0,73,4.101123595505618,Lama
688,5.96,Clear,Medium,Afternoon,Bike,22,7.0,45,7.550335570469799,Sedang
585,12.85,Windy,Medium,Afternoon,Scooter,18,7.0,61,4.747081712062257,Sedang
902,1.02,Clear,Medium,Afternoon,Bike,25,4.0,34,33.333333333333336,Cepat
60,6.84,Rainy,Medium,Night,Car,14,8.0,47,6.871345029239766,Sedang
329,8.68,Rainy,Medium,Morning,Bike,8,5.0,52,5.990783410138249,Sedang
97,10.69,Clear,Medium,Night,Bike,25,9.0,67,6.26753975678204,Sedang
313,0.99,,Medium,Evening,Bike,15,,32,32.323232323232325,Cepat
975,1.11,Clear,Low,Morning,Bike,5,6.0,8,7.207207207207206,Cepat
300,2.16,Snowy,Low,Evening,Scooter,15,0.0,36,16.666666666666664,Cepat
278,13.17,Windy,Medium,Afternoon,Bike,16,4.0,67,5.087319665907366,Sedang
925,8.79,Snowy,Low,Night,Bike,14,6.0,43,4.891922639362913,Sedang
602,5.93,Clear,Low,Afternoon,Scooter,19,3.0,36,6.070826306913997,Cepat
440,2.09,Rainy,Low,Night,Bike,23,2.0,36,17.224880382775122,Cepat
838,7.57,Clear,Low,Morning,Bike,21,0.0,56,7.397622192866578,Sedang
571,10.52,Rainy,Medium,Afternoon,Scooter,8,4.0,56,5.32319391634981,Sedang
880,4.83,Rainy,Low,Morning,Car,25,9.0,47,9.730848861283643,Sedang
262,19.81,Snowy,Medium,Afternoon,Car,20,5.0,104,5.24987380111055,Lama
579,10.1,Rainy,Low,Evening,Car,8,4.0,50,4.9504950495049505,Sedang
24,7.64,Windy,Low,Afternoon,Car,10,8.0,31,4.057591623036649,Cepat
31,12.35,Clear,Low,Morning,Scooter,10,6.0,35,2.834008097165992,Cepat
618,5.9,Rainy,Low,Evening,Car,26,9.0,44,7.4576271186440675,Sedang
11,0.9,Clear,Low,Afternoon,Bike,20,8.0,23,25.555555555555554,Cepat
222,11.58,Clear,Medium,Morning,Scooter,16,2.0,61,5.267702936096718,Sedang
821,16.16,Clear,High,Afternoon,Bike,11,1.0,82,5.074257425742574,Lama
297,15.51,Clear,Low,Evening,Bike,17,9.0,69,4.448742746615087,Sedang
55,12.16,Windy,High,Evening,Scooter,11,0.0,69,5.6743421052631575,Sedang
543,4.96,Rainy,High,Morning,Bike,21,0.0,60,12.096774193548388,Sedang
210,3.64,Windy,High,Evening,Bike,17,6.0,40,10.989010989010989,Sedang
605,2.85,Clear,Low,Morning,Scooter,26,0.0,38,13.333333333333332,Cepat
693,10.4,Clear,Low,Evening,Bike,16,4.0,52,5.0,Sedang
663,12.31,Windy,Low,Morning,Bike,29,4.0,68,5.523964256701868,Sedang
867,3.53,Clear,Medium,Afternoon,Bike,13,7.0,31,8.78186968838527,Cepat
71,15.56,Clear,Medium,Evening,Bike,14,3.0,54,3.4704370179948585,Sedang
544,13.6,Clear,Medium,Afternoon,Bike,27,0.0,87,6.397058823529412,Lama
108,15.23,Snowy,High,Morning,Bike,5,0.0,62,4.070912672357189,Sedang
494,4.17,,Low,Evening,Scooter,5,1.0,22,5.275779376498801,Cepat
591,3.21,Rainy,High,Night,Scooter,16,0.0,42,13.08411214953271,Sedang
742,6.38,Snowy,Low,Evening,Bike,16,1.0,111,17.398119122257054,Lama
293,16.54,Rainy,Low,Afternoon,Scooter,6,7.0,51,3.083434099153567,Sedang
290,12.02,Clear,Low,Morning,Car,9,7.0,41,3.410981697171381,Sedang
653,11.94,Clear,Low,Evening,Bike,20,3.0,69,5.778894472361809,Sedang
40,9.08,Clear,Low,Afternoon,Scooter,14,5.0,49,5.39647577092511,Sedang
590,3.46,Snowy,Medium,Morning,Scooter,23,3.0,48,13.872832369942197,Sedang
308,6.8,Foggy,Medium,Morning,Scooter,13,7.0,46,6.764705882352941,Sedang
680,17.38,Rainy,Medium,Afternoon,Scooter,11,2.0,92,5.293440736478711,Lama
67,3.25,Clear,Low,Morning,Bike,23,7.0,32,9.846153846153847,Cepat
276,10.28,Clear,Medium,Evening,Scooter,29,3.0,71,6.906614785992218,Lama
68,16.14,Clear,Low,Night,Car,6,9.0,65,4.0272614622057,Sedang
319,3.55,Clear,Medium,Evening,Bike,23,0.0,43,12.112676056338028,Sedang
549,10.65,Clear,,Afternoon,Scooter,23,8.0,58,5.446009389671361,Sedang
999,19.03,Clear,Low,Afternoon,Car,26,5.0,68,3.5733053074093535,Sedang
715,7.3,Clear,Low,Night,Scooter,14,7.0,28,3.8356164383561646,Cepat
754,7.03,Clear,Low,Evening,Scooter,21,1.0,44,6.258890469416785,Sedang
328,12.43,Snowy,Low,Afternoon,Car,12,0.0,70,5.631536604987932,Lama
383,12.76,Windy,High,Morning,Scooter,27,,74,5.799373040752351,Lama
452,11.39,Rainy,High,Evening,Scooter,14,1.0,72,6.321334503950834,Lama
523,19.41,Clear,Low,Morning,Car,7,3.0,48,2.472952086553323,Sedang
219,13.17,Rainy,High,Evening,Scooter,17,8.0,69,5.239179954441913,Sedang
788,8.32,Rainy,Low,Afternoon,Car,12,2.0,49,5.889423076923077,Sedang
437,1.92,Clear,Low,,Bike,8,7.0,14,7.291666666666667,Cepat
765,1.15,Clear,Low,Afternoon,Scooter,26,4.0,30,26.086956521739133,Cepat
89,17.8,Windy,High,Afternoon,Car,12,9.0,73,4.101123595505618,Lama
64,7.46,Clear,Medium,Evening,Bike,8,5.0,42,5.630026809651475,Sedang
827,7.25,Clear,Medium,Afternoon,Scooter,18,4.0,45,6.206896551724138,Sedang
717,16.7,Clear,Medium,Afternoon,Scooter,28,1.0,76,4.550898203592815,Lama
352,17.2,Rainy,High,Afternoon,Scooter,14,2.0,94,5.465116279069767,Lama
937,0.86,Clear,Medium,Afternoon,Car,21,7.0,28,32.55813953488372,Cepat
257,18.76,Clear,Medium,Evening,Car,15,2.0,80,4.264392324093817,Lama
636,9.22,Clear,Medium,Afternoon,Car,18,9.0,57,6.182212581344902,Sedang
645,2.84,Clear,Low,Evening,Scooter,24,2.0,35,12.323943661971832,Cepat
555,17.59,Clear,Low,Morning,Bike,24,6.0,69,3.922683342808414,Sedang
960,14.89,Snowy,High,Morning,Scooter,17,6.0,87,5.842847548690396,Lama
169,1.3,Clear,Medium,Evening,Bike,22,4.0,31,23.846153846153847,Cepat
918,18.99,Rainy,High,Afternoon,Bike,10,6.0,70,3.6861506055818856,Lama
529,1.6,Foggy,Low,Night,Scooter,24,,37,23.125,Cepat
824,8.26,Snowy,Low,Afternoon,Bike,15,1.0,57,6.9007263922518165,Sedang
986,10.16,Clear,High,Night,Bike,12,5.0,52,5.118110236220472,Sedang
817,12.03,Clear,Medium,,Car,20,5.0,65,5.403158769742311,Sedang
87,14.73,Rainy,Low,Afternoon,Bike,24,6.0,74,5.0237610319076715,Lama
433,12.56,Clear,High,Evening,Bike,17,5.0,69,5.493630573248407,Sedang
185,5.53,Clear,Medium,Afternoon,Bike,19,1.0,44,7.956600361663653,Sedang
979,10.18,Foggy,Medium,Morning,Bike,25,3.0,73,7.170923379174853,Lama
535,15.5,Clear,Medium,Morning,Scooter,28,9.0,91,5.870967741935484,Lama
295,2.98,Foggy,,Night,Bike,11,2.0,27,9.060402684563758,Cepat
893,16.69,Foggy,Medium,Evening,Scooter,8,2.0,65,3.894547633313361,Sedang
426,11.22,Windy,High,Evening,Bike,25,5.0,79,7.040998217468806,Lama
714,8.53,Clear,Low,Evening,Scooter,8,2.0,41,4.806565064478312,Sedang
261,12.49,Clear,Medium,Morning,Bike,25,4.0,77,6.164931945556445,Lama
238,0.97,Clear,Low,Night,Scooter,24,8.0,26,26.804123711340207,Cepat
560,12.6,Windy,Medium,Afternoon,Car,8,6.0,58,4.603174603174604,Sedang
584,6.91,Clear,Medium,Evening,Scooter,28,9.0,56,8.104196816208393,Sedang
446,18.97,Clear,Low,Evening,Car,25,4.0,141,7.432788613600422,Lama
868,4.05,Clear,Medium,Evening,Bike,20,,44,10.864197530864198,Sedang
801,14.29,Windy,Medium,Morning,Bike,14,7.0,78,5.4583624912526245,Lama
600,1.3,Foggy,Low,Evening,Bike,19,5.0,29,22.307692307692307,Cepat
850,12.11,Rainy,Low,Morning,Bike,9,5.0,59,4.872006606110652,Sedang
266,14.94,Clear,Medium,Morning,Bike,11,0.0,62,4.149933065595716,Sedang
996,2.29,Rainy,High,Afternoon,Car,8,8.0,80,34.93449781659388,Lama
530,17.36,Rainy,High,Afternoon,Bike,24,1.0,105,6.048387096774194,Lama
56,18.48,Clear,Medium,Night,Bike,8,0.0,82,4.437229437229437,Lama
121,16.25,Foggy,High,Morning,Bike,10,5.0,91,5.6,Lama
216,5.13,Clear,Low,Morning,Car,15,4.0,30,5.847953216374269,Cepat
26,15.81,Clear,Low,,Car,25,1.0,92,5.8191018342821,Lama
73,0.61,Clear,Low,Afternoon,Scooter,10,0.0,16,26.229508196721312,Cepat
45,5.55,Foggy,High,Evening,Bike,18,1.0,116,20.9009009009009,Lama
248,19.35,Clear,High,,Bike,12,7.0,75,3.875968992248062,Lama
722,4.03,Clear,Medium,Evening,Bike,9,5.0,25,6.203473945409429,Cepat
282,7.09,Snowy,Low,Morning,Scooter,13,8.0,37,5.218617771509168,Cepat
894,8.25,Clear,Medium,Afternoon,Bike,7,9.0,28,3.393939393939394,Cepat
915,11.26,Clear,Low,Night,Bike,5,6.0,49,4.351687388987567,Sedang
811,19.7,Rainy,Low,Evening,Bike,10,2.0,60,3.0456852791878175,Sedang
245,0.8,Snowy,High,Evening,Bike,14,9.0,36,45.0,Cepat
823,7.0,Rainy,Medium,Evening,Bike,17,9.0,49,7.0,Sedang
322,14.43,Clear,Medium,Morning,Car,14,4.0,113,7.830907830907831,Lama
644,6.89,Rainy,Medium,Afternoon,Bike,11,6.0,43,6.2409288824383164,Sedang
159,5.13,Foggy,Medium,Evening,Car,25,1.0,60,11.695906432748538,Sedang
978,1.5,Clear,Low,Afternoon,Bike,10,1.0,17,11.333333333333334,Cepat
430,2.78,,High,Afternoon,Scooter,9,0.0,41,14.748201438848922,Sedang
942,11.31,Clear,Medium,Evening,Bike,7,0.0,54,4.774535809018567,Sedang
463,15.05,Clear,Medium,Evening,Car,12,2.0,66,4.385382059800664,Sedang
310,5.78,Foggy,Low,Afternoon,Scooter,9,9.0,33,5.709342560553633,Cepat
698,11.83,Clear,Low,Evening,Scooter,9,7.0,32,2.7049873203719357,Cepat
61,8.08,Foggy,Low,Morning,Bike,25,2.0,61,7.5495049504950495,Sedang
885,16.1,Clear,Low,Evening,Bike,25,0.0,64,3.975155279503105,Sedang
596,9.74,Rainy,Medium,Evening,Scooter,7,8.0,37,3.7987679671457903,Cepat
768,17.6,Clear,Low,Afternoon,Bike,27,3.0,69,3.920454545454545,Sedang
650,10.22,Snowy,Medium,Night,Bike,18,1.0,68,6.653620352250488,Sedang
651,2.19,Clear,Low,Evening,Bike,26,3.0,32,14.611872146118722,Cepat
866,11.41,Windy,Medium,Afternoon,Scooter,17,4.0,68,5.959684487291849,Sedang
669,4.14,Clear,Medium,Morning,Scooter,14,2.0,30,7.246376811594203,Cepat
299,12.65,Rainy,Low,Afternoon,Bike,18,8.0,60,4.743083003952569,Sedang
690,4.15,,Medium,Morning,Car,17,8.0,46,11.08433734939759,Sedang
315,16.8,,High,Morning,Car,19,4.0,85,5.059523809523809,Lama
311,9.06,Clear,Medium,Evening,Bike,23,4.0,47,5.187637969094922,Sedang
362,13.04,Clear,Medium,Morning,Scooter,20,6.0,65,4.984662576687117,Sedang
480,10.7,Clear,Medium,Afternoon,Scooter,8,5.0,44,4.112149532710281,Sedang
111,6.15,Foggy,Low,Evening,Scooter,26,5.0,48,7.804878048780488,Sedang
990,16.47,Snowy,High,Evening,Scooter,20,9.0,75,4.553734061930784,Lama
487,1.39,Clear,Medium,Afternoon,Bike,15,4.0,24,17.266187050359715,Cepat
364,11.14,Rainy,Medium,Morning,Scooter,7,3.0,47,4.219030520646319,Sedang
255,3.81,Rainy,High,Afternoon,Bike,5,6.0,31,8.136482939632545,Cepat
260,2.39,Rainy,Medium,Evening,Bike,27,7.0,43,17.99163179916318,Sedang
803,11.74,Clear,High,Evening,Car,6,3.0,54,4.599659284497444,Sedang
678,8.26,Clear,Low,,Car,21,4.0,80,9.685230024213075,Lama
495,9.54,Rainy,Medium,Evening,Scooter,11,5.0,47,4.9266247379454935,Sedang
671,3.88,Clear,Medium,Morning,Bike,16,2.0,35,9.02061855670103,Cepat
378,0.95,Rainy,Medium,Morning,Car,27,0.0,44,46.31578947368421,Sedang
527,8.59,Clear,Low,Night,Scooter,17,8.0,36,4.190919674039581,Cepat
846,8.59,Clear,Low,Evening,Bike,22,2.0,43,5.005820721769499,Sedang
138,14.21,Clear,Medium,Evening,Bike,24,,58,4.081632653061225,Sedang
356,13.03,Foggy,Low,Morning,Scooter,9,1.0,50,3.8372985418265544,Sedang
366,8.03,Clear,Low,Evening,Scooter,14,8.0,42,5.230386052303861,Sedang
943,13.2,Snowy,Low,Morning,Car,14,3.0,62,4.696969696969697,Sedang
750,12.67,Clear,Medium,Evening,Car,10,3.0,65,5.130228887134964,Sedang
949,17.54,Clear,,Morning,Car,16,8.0,54,3.0786773090079818,Sedang
830,9.32,Clear,Low,Morning,Scooter,6,5.0,30,3.2188841201716736,Cepat
657,6.03,Rainy,High,Afternoon,Car,8,6.0,46,7.628524046434494,Sedang
200,15.71,Clear,Low,Afternoon,Scooter,28,5.0,69,4.392106938255888,Sedang
214,4.87,Snowy,High,Evening,Bike,16,7.0,54,11.08829568788501,Sedang
409,18.15,Rainy,High,Morning,Bike,22,7.0,108,5.9504132231404965,Lama
333,0.78,Clear,Medium,Morning,Bike,6,1.0,17,21.794871794871796,Cepat
209,0.6,Clear,Low,Afternoon,Bike,26,3.0,30,50.0,Cepat
614,2.09,Clear,Medium,Evening,Bike,5,5.0,16,7.6555023923444985,Cepat
79,7.49,Clear,,Morning,Scooter,13,9.0,45,6.008010680907877,Sedang
30,1.41,Foggy,Medium,Evening,Bike,15,0.0,72,51.06382978723405,Lama
536,18.92,Clear,High,Morning,Scooter,27,4.0,100,5.285412262156448,Lama
696,12.41,Clear,Medium,Morning,Car,10,1.0,51,4.10958904109589,Sedang
558,1.06,,Low,Afternoon,Scooter,19,6.0,21,19.81132075471698,Cepat
837,18.34,Clear,High,Night,Bike,9,4.0,92,5.0163576881134135,Lama
597,13.52,Clear,Low,Morning,Scooter,27,1.0,82,6.06508875739645,Lama
166,16.79,Foggy,High,Afternoon,Bike,24,6.0,85,5.062537224538416,Lama
919,15.39,Clear,Medium,Evening,Scooter,24,5.0,89,5.782975958414554,Lama
496,7.39,Rainy,Medium,Morning,Scooter,25,6.0,60,8.119079837618404,Sedang
825,10.98,Rainy,Low,Morning,Scooter,10,6.0,55,5.009107468123862,Sedang
66,11.08,Snowy,Medium,Morning,Bike,9,0.0,57,5.144404332129964,Sedang
142,5.41,Clear,Medium,Night,Bike,14,5.0,36,6.654343807763401,Cepat
926,0.94,Clear,High,Morning,Bike,9,6.0,21,22.340425531914896,Cepat
828,7.27,Windy,Low,Afternoon,Bike,10,5.0,35,4.814305364511692,Cepat
656,2.99,Windy,Medium,Morning,Bike,27,5.0,41,13.712374581939798,Sedang
332,15.28,Snowy,Low,Evening,Bike,16,5.0,72,4.712041884816754,Lama
665,2.48,Windy,Medium,Afternoon,Car,14,6.0,27,10.887096774193548,Cepat
250,17.13,Rainy,Low,Evening,Car,19,1.0,71,4.144775248102744,Lama
908,7.17,Clear,Low,Afternoon,Bike,15,7.0,32,4.463040446304045,Cepat
709,5.47,Rainy,Low,Morning,Car,21,6.0,38,6.946983546617917,Cepat
306,19.53,Foggy,Low,Afternoon,Bike,11,6.0,87,4.45468509984639,Lama
735,7.5,Clear,High,Morning,Bike,29,1.0,66,8.8,Sedang
976,5.61,Windy,Low,Night,Bike,25,9.0,48,8.55614973262032,Sedang
50,4.1,Clear,Low,Morning,Bike,21,3.0,37,9.02439024390244,Cepat
897,6.22,Rainy,Medium,Morning,Bike,15,0.0,49,7.877813504823151,Sedang
3,14.77,,High,Morning,Scooter,11,6.0,67,4.536222071767096,Sedang
545,12.55,Windy,Low,Evening,Bike,13,8.0,51,4.063745019920319,Sedang
351,10.31,Foggy,Medium,Morning,Scooter,19,5.0,62,6.013579049466537,Sedang
905,8.72,Snowy,Medium,Evening,Car,18,7.0,64,7.339449541284403,Sedang
537,17.07,Clear,Medium,Morning,Bike,20,6.0,73,4.2765084944346805,Lama
345,8.27,,High,Afternoon,Scooter,13,5.0,58,7.013301088270859,Sedang
995,7.54,Snowy,Low,Afternoon,Bike,20,,55,7.294429708222812,Sedang
482,14.07,Clear,High,Afternoon,Bike,5,8.0,67,4.761904761904762,Sedang
576,19.02,Clear,Medium,Afternoon,Bike,29,9.0,87,4.574132492113565,Lama
34,19.0,Clear,High,Morning,Car,28,3.0,96,5.052631578947368,Lama
32,3.83,Rainy,Medium,Afternoon,Bike,12,9.0,30,7.83289817232376,Cepat
232,10.3,Clear,Low,Evening,Scooter,19,8.0,48,4.660194174757281,Sedang
964,8.09,Clear,High,Afternoon,Scooter,15,4.0,51,6.304079110012361,Sedang
193,18.06,Clear,Medium,Night,Bike,9,8.0,52,2.879291251384275,Sedang
334,2.76,Windy,Medium,Morning,Scooter,8,5.0,22,7.971014492753624,Cepat
4,12.17,Snowy,Low,Evening,Bike,20,8.0,68,5.587510271158587,Sedang
205,12.33,Clear,Medium,Evening,Bike,22,9.0,75,6.082725060827251,Lama
515,1.38,Clear,Medium,Evening,Scooter,5,8.0,13,9.420289855072465,Cepat
800,18.49,Clear,Low,Afternoon,Scooter,14,6.0,71,3.839913466738778,Lama
307,10.57,Snowy,Low,Afternoon,Bike,28,9.0,59,5.581835383159886,Sedang
110,2.0,Clear,High,Evening,Scooter,10,2.0,30,15.0,Cepat
431,3.29,Clear,Medium,Afternoon,Scooter,17,4.0,32,9.72644376899696,Cepat
78,1.94,Rainy,Medium,Morning,Bike,16,0.0,35,18.04123711340206,Cepat
85,6.56,Windy,Medium,,Bike,14,1.0,47,7.164634146341464,Sedang
287,9.58,Clear,High,Afternoon,Car,26,8.0,60,6.263048016701461,Sedang
83,6.95,Clear,Medium,Morning,Scooter,25,2.0,58,8.345323741007194,Sedang
992,14.05,Clear,High,Morning,Scooter,19,0.0,72,5.124555160142348,Lama
790,18.97,Rainy,High,Night,Bike,20,8.0,108,5.693199789140749,Lama
895,13.53,Rainy,Low,Evening,Bike,28,8.0,78,5.764966740576497,Lama
399,15.14,Rainy,Medium,Morning,Bike,8,6.0,66,4.359313077939234,Sedang
324,5.96,Clear,Low,Afternoon,Bike,26,6.0,48,8.053691275167786,Sedang
520,3.43,Windy,Medium,Morning,Bike,7,6.0,23,6.705539358600583,Cepat
917,6.24,,Medium,Evening,Bike,15,3.0,52,8.333333333333334,Sedang
923,17.94,Rainy,High,Evening,Scooter,22,6.0,85,4.738015607580825,Lama
6,3.54,Rainy,Medium,Evening,Bike,10,5.0,32,9.03954802259887,Cepat
732,16.38,Rainy,Medium,Night,Bike,7,,90,5.4945054945054945,Lama
466,7.81,Clear,Low,Evening,Bike,11,4.0,42,5.377720870678617,Sedang
98,8.84,Clear,,Morning,Bike,26,0.0,57,6.447963800904978,Sedang
267,14.09,Clear,Medium,Afternoon,Scooter,12,3.0,55,3.90347764371895,Sedang
358,11.92,Clear,Low,Afternoon,Scooter,14,4.0,46,3.859060402684564,Sedang
869,17.3,Clear,Low,Evening,Scooter,9,0.0,67,3.8728323699421963,Sedang
799,14.08,Clear,High,Morning,Bike,28,6.0,66,4.6875,Sedang
381,2.8,Clear,High,Afternoon,Bike,28,1.0,50,17.857142857142858,Sedang
632,17.96,Clear,Medium,,Bike,22,2.0,76,4.231625835189309,Lama
382,14.09,Clear,High,Afternoon,Bike,12,6.0,67,4.755145493257629,Sedang
491,9.39,Clear,Low,Morning,Bike,14,2.0,37,3.9403620873269434,Cepat
119,17.9,Clear,Low,Morning,Bike,23,,85,4.748603351955308,Lama
901,4.55,Rainy,Low,Afternoon,Bike,5,6.0,21,4.615384615384616,Cepat
251,6.24,Snowy,Low,Afternoon,Bike,20,4.0,51,8.173076923076923,Sedang
524,16.92,Clear,Low,Morning,Scooter,29,0.0,70,4.137115839243498,Lama
10,14.31,Clear,Medium,Morning,Bike,9,8.0,47,3.2844164919636616,Sedang
197,14.66,Windy,Medium,,Bike,20,2.0,77,5.252387448840382,Lama
604,2.23,Clear,Low,Morning,Bike,7,6.0,14,6.278026905829597,Cepat
82,12.65,Clear,Low,Evening,Bike,15,4.0,66,5.217391304347826,Sedang
784,7.24,Rainy,Medium,Evening,Bike,28,6.0,65,8.977900552486188,Sedang
588,3.01,Clear,Medium,Evening,Bike,14,4.0,26,8.637873754152825,Cepat
798,11.52,,Medium,Morning,Scooter,25,2.0,58,5.034722222222222,Sedang
240,3.95,Clear,Low,Afternoon,Bike,13,5.0,25,6.329113924050633,Cepat
291,1.09,Clear,Medium,Morning,Scooter,6,2.0,17,15.596330275229356,Cepat
212,13.99,Clear,High,Evening,Scooter,7,3.0,96,6.862044317369549,Lama
718,19.32,Rainy,High,Morning,Car,21,7.0,112,5.797101449275362,Lama
360,11.72,Rainy,Low,Evening,Bike,11,9.0,42,3.583617747440273,Sedang
450,2.13,Rainy,Low,Morning,Scooter,9,2.0,22,10.328638497652582,Cepat
228,8.17,Clear,Medium,Afternoon,Scooter,20,9.0,44,5.385556915544676,Sedang
951,12.21,Clear,High,Morning,Bike,9,4.0,57,4.668304668304668,Sedang
947,3.17,Clear,Medium,Evening,Scooter,17,6.0,33,10.410094637223976,Cepat
797,18.68,Snowy,Low,Afternoon,Bike,11,8.0,62,3.3190578158458246,Sedang
502,10.95,Clear,Medium,Evening,Scooter,24,4.0,55,5.0228310502283104,Sedang
465,19.26,Windy,Medium,Morning,Scooter,21,6.0,67,3.47871235721703,Sedang
363,9.44,Rainy,,Evening,Scooter,28,8.0,63,6.673728813559323,Sedang
469,4.86,Foggy,Medium,Evening,Car,25,4.0,52,10.699588477366255,Sedang
936,5.81,Foggy,Low,Afternoon,Bike,25,8.0,51,8.777969018932875,Sedang
429,7.34,Rainy,Low,Evening,Bike,22,8.0,47,6.4032697547683926,Sedang
8,17.39,Foggy,Medium,Morning,Bike,25,4.0,100,5.750431282346176,Lama
156,5.22,Snowy,Low,Evening,Bike,11,9.0,40,7.662835249042146,Sedang
542,12.32,Clear,Medium,Evening,Scooter,17,4.0,71,5.762987012987013,Lama
441,2.15,Windy,Medium,Afternoon,Car,17,6.0,30,13.953488372093023,Cepat
483,9.36,Rainy,High,Morning,Scooter,17,2.0,65,6.944444444444445,Sedang
423,2.28,Clear,Medium,Evening,Scooter,27,9.0,39,17.10526315789474,Cepat
779,14.54,Clear,Medium,Evening,Bike,29,2.0,73,5.020632737276479,Lama
950,12.15,Clear,High,Morning,Car,12,6.0,63,5.185185185185185,Sedang
335,1.4,Windy,Low,Evening,Bike,9,9.0,17,12.142857142857144,Cepat
577,3.37,Clear,High,Morning,Bike,9,,28,8.30860534124629,Cepat
935,3.85,Rainy,Medium,Afternoon,Bike,26,3.0,46,11.948051948051948,Sedang
568,9.03,Clear,Low,,Bike,11,5.0,43,4.761904761904762,Sedang
595,17.99,Snowy,Low,Afternoon,Bike,15,3.0,63,3.5019455252918292,Sedang
531,16.35,Clear,Medium,Morning,Bike,16,0.0,66,4.036697247706422,Sedang
582,19.61,Clear,High,Evening,Bike,8,6.0,72,3.6715961244263133,Lama
708,16.29,Clear,Low,Morning,Bike,20,1.0,72,4.419889502762431,Lama
449,7.84,Windy,Low,Afternoon,Bike,6,4.0,28,3.5714285714285716,Cepat
454,18.17,Rainy,Low,Afternoon,Car,13,0.0,71,3.9075399009356078,Lama
229,17.89,Windy,Low,,Bike,27,1.0,101,5.645612073784237,Lama
353,13.34,Clear,Medium,Night,Bike,20,6.0,53,3.973013493253373,Sedang
729,4.43,Foggy,Low,Morning,Scooter,10,1.0,63,14.221218961625283,Sedang
213,13.21,Clear,,Morning,Scooter,12,4.0,63,4.769114307342922,Sedang
80,2.76,Windy,Medium,Night,Bike,6,2.0,27,9.782608695652174,Cepat
149,1.5,Foggy,Medium,Evening,Scooter,15,4.0,32,21.333333333333332,Cepat
303,11.04,Clear,Medium,Afternoon,Scooter,8,2.0,54,4.891304347826087,Sedang
629,1.22,Clear,Medium,Evening,Scooter,6,,14,11.475409836065573,Cepat
778,14.58,Clear,Low,Afternoon,Bike,13,,57,3.909465020576132,Sedang
507,18.26,Rainy,High,Night,Scooter,28,7.0,93,5.093099671412924,Lama
343,3.88,Foggy,Low,Evening,Car,27,9.0,42,10.824742268041238,Sedang
486,18.07,Clear,High,Afternoon,Scooter,5,2.0,67,3.707802988378528,Sedang
712,12.11,Clear,Medium,Evening,Bike,28,0.0,75,6.193228736581338,Lama
134,7.08,Clear,Medium,Afternoon,Scooter,5,8.0,27,3.8135593220338984,Cepat
704,3.12,Rainy,Low,Evening,Scooter,14,5.0,28,8.974358974358974,Cepat
312,2.03,Foggy,High,Evening,Car,14,4.0,36,17.733990147783253,Cepat
723,1.8,Clear,,Night,Bike,14,1.0,28,15.555555555555555,Cepat
630,5.42,Clear,Low,Evening,Scooter,11,9.0,26,4.797047970479705,Cepat
1,7.8,Clear,Low,Evening,Scooter,23,5.0,52,6.666666666666667,Sedang
317,8.47,Rainy,Low,Afternoon,Scooter,19,0.0,48,5.667060212514757,Sedang
707,6.79,Rainy,Low,Evening,Scooter,16,1.0,39,5.743740795287187,Cepat
548,13.6,Rainy,Medium,Afternoon,Scooter,23,6.0,83,6.102941176470589,Lama
873,13.06,Rainy,High,Morning,Bike,17,8.0,59,4.51761102603369,Sedang
533,19.93,Snowy,Low,Afternoon,Bike,6,6.0,59,2.9603612644254893,Sedang
478,11.3,Snowy,Medium,Afternoon,Bike,15,8.0,70,6.1946902654867255,Lama
405,6.74,Rainy,Medium,Evening,Car,21,9.0,47,6.973293768545994,Sedang
173,10.49,Rainy,Low,Morning,Bike,28,9.0,66,6.291706387035272,Sedang
126,8.83,,Medium,Evening,Scooter,12,3.0,109,12.34428086070215,Lama
395,7.15,Clear,High,Night,Car,29,7.0,60,8.391608391608392,Sedang
421,15.94,Clear,Low,Evening,Bike,24,2.0,77,4.830614805520703,Lama
553,11.26,Foggy,High,Afternoon,Bike,14,2.0,70,6.216696269982238,Lama
904,11.87,Clear,Medium,Morning,Bike,10,6.0,43,3.6225779275484418,Sedang
91,2.83,Windy,Medium,Afternoon,Scooter,14,6.0,28,9.89399293286219,Cepat
940,11.74,Clear,Low,Afternoon,Car,20,1.0,52,4.429301533219761,Sedang
182,2.71,Clear,Low,Morning,Scooter,6,1.0,20,7.380073800738008,Cepat
275,10.47,Clear,High,Evening,Scooter,14,7.0,55,5.253104106972302,Sedang
896,4.5,Snowy,High,Evening,Bike,24,0.0,66,14.666666666666666,Sedang
70,19.74,,Low,,Car,21,7.0,71,3.596757852077001,Lama
292,1.23,Clear,Low,Evening,Bike,18,6.0,21,17.073170731707318,Cepat
132,4.83,Clear,Low,Evening,Bike,11,1.0,29,6.004140786749482,Cepat
301,1.51,Clear,High,Afternoon,Bike,14,2.0,32,21.192052980132452,Cepat
425,1.62,Windy,Low,Evening,Bike,9,8.0,16,9.876543209876543,Cepat
327,11.31,Clear,High,Evening,Bike,20,0.0,67,5.92396109637489,Sedang
145,6.05,Clear,Medium,Morning,Car,24,0.0,48,7.933884297520661,Sedang
424,10.14,Clear,Medium,Morning,Scooter,20,1.0,59,5.818540433925049,Sedang
581,9.45,Clear,Low,Afternoon,Car,13,0.0,49,5.185185185185186,Sedang
136,6.8,Clear,High,Evening,Bike,28,5.0,55,8.088235294117647,Sedang
451,15.65,Clear,Low,Afternoon,Bike,27,0.0,76,4.856230031948882,Lama
165,2.26,Clear,Medium,Morning,Scooter,6,3.0,19,8.4070796460177,Cepat
29,12.05,Clear,Low,Evening,Scooter,29,4.0,61,5.062240663900415,Sedang
774,8.25,Windy,Medium,Evening,Car,24,4.0,62,7.515151515151516,Sedang
194,12.85,Rainy,Medium,Afternoon,Scooter,23,0.0,80,6.22568093385214,Lama
389,15.14,Windy,Medium,Morning,Bike,15,4.0,71,4.6895640686922055,Lama
853,4.59,Foggy,Low,Evening,Scooter,19,8.0,36,7.843137254901961,Cepat
170,12.02,Clear,Low,Afternoon,Bike,26,0.0,63,5.241264559068219,Sedang
706,19.8,Clear,High,Evening,Bike,7,3.0,88,4.444444444444445,Lama
141,19.27,Foggy,High,Afternoon,Bike,14,6.0,92,4.7742605085625325,Lama
174,4.92,Clear,High,Morning,Scooter,12,0.0,41,8.333333333333334,Sedang
7,1.63,Rainy,Medium,Night,Bike,24,5.0,38,23.312883435582823,Cepat
746,18.04,Clear,Medium,Morning,Bike,8,5.0,71,3.93569844789357,Lama
479,19.4,Snowy,,Afternoon,Scooter,23,9.0,92,4.742268041237113,Lama
74,16.4,Clear,High,Morning,Scooter,12,2.0,70,4.2682926829268295,Lama
911,12.01,Clear,Low,Morning,Car,5,7.0,42,3.4970857618651126,Sedang
814,18.46,Clear,,,Scooter,29,1.0,153,8.288190682556879,Lama
239,13.09,Windy,Low,,Scooter,17,1.0,69,5.271199388846448,Sedang
146,1.22,Foggy,High,Afternoon,Scooter,14,2.0,38,31.147540983606557,Cepat
793,10.36,Rainy,Medium,Afternoon,Bike,7,8.0,39,3.7644787644787647,Cepat
235,4.31,Rainy,Medium,Afternoon,Bike,9,2.0,35,8.120649651972158,Cepat
221,13.32,Windy,Medium,Afternoon,Bike,26,0.0,71,5.33033033033033,Lama
924,16.1,Clear,Low,Morning,Car,16,6.0,61,3.7888198757763973,Sedang
501,14.11,Rainy,High,Morning,Scooter,24,3.0,93,6.591070163004961,Lama
133,2.84,Clear,Medium,Night,Scooter,28,1.0,44,15.492957746478874,Sedang
991,16.09,Snowy,Low,Morning,Car,13,6.0,69,4.288377874456184,Sedang
775,16.05,Snowy,Medium,Evening,Bike,11,2.0,89,5.545171339563863,Lama
186,13.37,Windy,High,Afternoon,Scooter,17,8.0,63,4.712041884816754,Sedang
42,10.16,Snowy,Medium,Night,Bike,10,1.0,67,6.594488188976378,Sedang
697,6.13,Clear,Medium,Night,Scooter,22,0.0,48,7.830342577487765,Sedang
109,4.96,Rainy,Low,Afternoon,Car,10,7.0,28,5.645161290322581,Cepat
589,3.0,Clear,Low,Morning,Scooter,29,1.0,43,14.333333333333334,Sedang
57,2.23,Snowy,Medium,Evening,Car,14,0.0,41,18.385650224215247,Sedang
406,17.96,Clear,,Evening,Scooter,26,0.0,74,4.120267260579064,Lama
443,7.8,Rainy,Medium,Morning,Bike,11,7.0,49,6.282051282051282,Sedang
758,10.9,Clear,High,Afternoon,Scooter,6,8.0,47,4.311926605504587,Sedang
998,3.17,Clear,Low,Afternoon,Bike,17,1.0,28,8.832807570977918,Cepat
25,9.39,Windy,Medium,Morning,Scooter,21,9.0,50,5.324813631522896,Sedang
468,17.44,Clear,Low,Evening,Bike,25,9.0,89,5.103211009174312,Lama
540,3.02,Rainy,Medium,Morning,Bike,23,1.0,46,15.2317880794702,Sedang
532,19.99,Rainy,High,Evening,Bike,17,1.0,112,5.602801400700351,Lama
619,16.22,Rainy,High,Evening,Bike,22,0.0,102,6.288532675709002,Lama
695,2.74,Clear,High,Afternoon,Bike,18,9.0,37,13.503649635036496,Cepat
927,5.74,Rainy,High,Evening,Bike,13,9.0,46,8.013937282229964,Sedang
339,9.75,Clear,Low,Afternoon,Bike,22,7.0,50,5.128205128205129,Sedang
52,15.62,Rainy,Medium,Afternoon,Scooter,23,7.0,78,4.99359795134443,Lama
508,16.54,Rainy,Medium,Afternoon,Bike,25,7.0,77,4.655380894800484,Lama
517,7.84,Rainy,Low,Morning,Scooter,7,8.0,36,4.591836734693878,Cepat
921,17.44,,Low,Night,Car,23,0.0,85,4.873853211009174,Lama
782,11.08,Windy,High,Afternoon,Bike,16,6.0,70,6.317689530685921,Lama
265,17.61,Clear,Medium,Evening,Scooter,21,9.0,79,4.486087450312323,Lama
818,8.28,Snowy,Low,Evening,Car,29,7.0,58,7.004830917874397,Sedang
711,15.32,Clear,Medium,Morning,Bike,17,6.0,80,5.221932114882507,Lama
683,3.83,Rainy,Low,Evening,Car,27,3.0,49,12.793733681462141,Sedang
833,3.25,Rainy,,Evening,Scooter,29,0.0,51,15.692307692307692,Sedang
519,19.75,Clear,Medium,Morning,Bike,25,1.0,103,5.215189873417722,Lama
448,15.19,Foggy,Low,Evening,Scooter,6,4.0,53,3.489137590520079,Sedang
19,8.92,Windy,,Morning,Bike,25,4.0,62,6.95067264573991,Sedang
716,18.63,Windy,Low,Afternoon,Bike,11,5.0,85,4.562533548040794,Lama
484,12.74,Clear,Low,Night,Scooter,18,0.0,67,5.259026687598116,Sedang
569,18.13,Rainy,High,Evening,Bike,21,2.0,88,4.853833425261997,Lama
434,2.47,Rainy,Low,Afternoon,Car,22,6.0,34,13.765182186234817,Cepat
368,18.15,Windy,Medium,Morning,Bike,11,2.0,89,4.903581267217631,Lama
84,1.74,Foggy,High,Afternoon,Scooter,8,9.0,28,16.091954022988507,Cepat
62,5.79,Windy,Medium,Morning,Bike,26,6.0,49,8.46286701208981,Sedang
639,5.75,Windy,High,Morning,Scooter,7,4.0,37,6.434782608695652,Cepat
273,17.41,Snowy,Medium,Evening,Bike,20,4.0,80,4.595060310166571,Lama
286,1.2,Rainy,Low,Morning,Scooter,24,7.0,33,27.5,Cepat
361,8.07,Windy,Low,Evening,Bike,21,4.0,48,5.947955390334572,Sedang
355,1.88,Clear,Medium,Morning,Scooter,24,7.0,35,18.617021276595747,Cepat
457,0.72,Rainy,Medium,Afternoon,Scooter,9,2.0,23,31.944444444444446,Cepat
279,14.19,Clear,Medium,Afternoon,Bike,9,1.0,57,4.016913319238901,Sedang
13,16.73,Windy,High,Afternoon,Scooter,9,7.0,71,4.243873281530186,Lama
183,18.53,Rainy,Low,Afternoon,Scooter,8,8.0,57,3.076092822450081,Sedang
369,4.32,Clear,Low,Morning,Bike,21,9.0,34,7.87037037037037,Cepat
882,13.6,Foggy,High,Evening,Bike,9,7.0,61,4.485294117647059,Sedang
616,18.46,Rainy,Low,Morning,Bike,19,9.0,94,5.092091007583965,Lama
224,7.67,Windy,Low,Morning,Car,9,2.0,31,4.041720990873533,Cepat
573,8.23,Snowy,Low,Evening,Bike,17,3.0,56,6.804374240583232,Sedang
971,13.44,Clear,Low,Night,Bike,29,0.0,63,4.6875,Sedang
654,15.04,Clear,Low,Morning,Car,24,5.0,60,3.9893617021276597,Sedang
546,7.48,Clear,Medium,Morning,Car,21,4.0,52,6.95187165775401,Sedang
583,10.11,Rainy,,Afternoon,Scooter,23,2.0,63,6.231454005934719,Sedang
634,10.88,Snowy,Low,Afternoon,Car,13,3.0,52,4.779411764705882,Sedang
177,13.97,Snowy,Low,Evening,Scooter,14,8.0,52,3.7222619899785254,Sedang
666,3.48,Foggy,Low,Afternoon,Scooter,9,1.0,31,8.908045977011493,Cepat
674,10.73,Foggy,Low,Morning,Bike,6,6.0,35,3.2618825722273996,Cepat
586,5.18,Clear,Medium,Afternoon,Car,9,2.0,30,5.7915057915057915,Cepat
874,8.47,Foggy,Medium,Evening,Bike,24,0.0,68,8.028335301062572,Sedang
394,15.64,Rainy,Low,,Bike,20,4.0,141,9.0153452685422,Lama
164,10.95,Snowy,,Afternoon,Bike,9,1.0,65,5.936073059360731,Sedang
249,19.29,Windy,Medium,Evening,Scooter,7,8.0,84,4.354587869362364,Lama
635,2.59,Windy,Medium,,Bike,13,5.0,28,10.81081081081081,Cepat
886,3.98,Clear,High,Night,Car,19,3.0,41,10.301507537688442,Sedang
670,6.06,Foggy,Low,Afternoon,Scooter,10,8.0,41,6.765676567656766,Sedang
376,6.72,Foggy,Low,Evening,Bike,8,5.0,31,4.613095238095238,Cepat
413,19.04,Clear,Medium,Morning,Scooter,27,2.0,85,4.464285714285714,Lama
75,14.28,Windy,High,Afternoon,Scooter,23,5.0,77,5.392156862745098,Lama
114,16.26,Rainy,High,Morning,Bike,16,6.0,70,4.305043050430504,Lama
599,4.25,Clear,Low,Afternoon,Bike,5,4.0,22,5.176470588235294,Cepat
962,12.26,Clear,Low,Afternoon,Bike,20,2.0,66,5.383360522022839,Sedang
391,19.81,Clear,Low,Afternoon,Bike,27,1.0,74,3.7354871277132764,Lama
105,18.2,Windy,Medium,Morning,Bike,27,1.0,108,5.934065934065934,Lama
115,12.85,Rainy,Medium,Morning,Scooter,14,8.0,73,5.680933852140078,Lama
418,6.91,Clear,Low,Evening,Bike,27,8.0,91,13.16931982633864,Lama
526,9.64,Clear,Low,Morning,Bike,10,5.0,46,4.771784232365145,Sedang
458,9.64,Rainy,Medium,Evening,Bike,14,6.0,52,5.394190871369294,Sedang
410,2.28,Foggy,Medium,Morning,Scooter,27,6.0,44,19.29824561403509,Sedang
93,15.34,Rainy,Low,Afternoon,Bike,18,6.0,54,3.5202086049543677,Sedang
931,3.22,Rainy,Medium,Night,Bike,14,8.0,34,10.559006211180124,Cepat
90,9.71,Clear,Low,Morning,Bike,8,1.0,49,5.046343975283213,Sedang
337,17.18,Clear,Medium,Night,Scooter,13,1.0,62,3.608847497089639,Sedang
989,5.3,Clear,Medium,Afternoon,Scooter,29,3.0,47,8.867924528301888,Sedang
922,10.0,Clear,Medium,Afternoon,Scooter,6,9.0,47,4.7,Sedang
934,10.75,Rainy,Medium,Morning,Bike,8,6.0,60,5.5813953488372094,Sedang
606,9.49,Rainy,Medium,Morning,Car,23,6.0,53,5.584826132771338,Sedang
594,7.24,Clear,Medium,Afternoon,Bike,28,7.0,57,7.87292817679558,Sedang
612,16.09,Rainy,Low,Morning,Bike,21,8.0,66,4.101926662523306,Sedang
95,15.53,Clear,Low,Morning,Bike,26,6.0,83,5.344494526722473,Lama
12,19.41,Windy,Low,Morning,Bike,11,8.0,62,3.1942297784647087,Sedang
397,17.24,Clear,Low,Evening,Bike,17,5.0,69,4.00232018561485,Sedang
534,11.33,,Low,Morning,Bike,25,3.0,60,5.29567519858782,Sedang
44,18.23,Rainy,Low,Afternoon,Scooter,27,9.0,86,4.71749862863412,Lama
43,1.17,Clear,Medium,Morning,Bike,16,9.0,25,21.36752136752137,Cepat
330,5.33,Clear,Low,Evening,Car,29,1.0,51,9.568480300187618,Sedang
168,4.14,Rainy,Low,Morning,Bike,23,2.0,41,9.903381642512079,Sedang
498,2.02,Clear,High,Evening,Bike,28,5.0,44,21.782178217821784,Sedang
877,14.46,Rainy,Medium,Morning,Scooter,11,9.0,68,4.702627939142461,Sedang
598,3.86,Clear,Medium,Afternoon,Bike,21,8.0,34,8.808290155440416,Cepat
757,12.59,Windy,Medium,Morning,Bike,13,9.0,62,4.924543288324067,Sedang
101,1.11,Clear,High,Morning,Scooter,22,8.0,35,31.531531531531527,Cepat
427,9.11,Clear,Low,Afternoon,Bike,19,6.0,42,4.6103183315038425,Sedang
179,18.77,Snowy,Medium,Evening,Bike,24,0.0,115,6.126798082045818,Lama
445,16.35,Foggy,Medium,Night,Bike,16,6.0,67,4.097859327217125,Sedang
417,6.22,Clear,Low,Afternoon,Bike,16,9.0,29,4.662379421221865,Cepat
871,7.78,Foggy,High,Afternoon,Bike,25,3.0,74,9.511568123393316,Lama
883,0.88,Rainy,Low,Night,Car,27,2.0,37,42.04545454545455,Cepat
681,16.43,Clear,Low,Evening,Bike,13,5.0,56,3.408399269628728,Sedang
178,8.04,Clear,Medium,Evening,Car,27,0.0,65,8.084577114427862,Sedang
396,18.65,Foggy,Low,Night,Car,19,2.0,68,3.6461126005361932,Sedang
912,5.73,Foggy,Low,Morning,Scooter,7,2.0,30,5.2356020942408374,Cepat
794,12.42,Rainy,Low,Evening,Bike,28,9.0,79,6.360708534621578,Lama
961,2.11,Clear,Low,Afternoon,Scooter,28,5.0,34,16.113744075829384,Cepat
685,18.62,Clear,Low,Evening,Scooter,27,6.0,75,4.027926960257787,Lama
384,17.61,Clear,Medium,Morning,Scooter,19,3.0,80,4.542873367404884,Lama
957,10.62,Rainy,Medium,Night,Bike,7,2.0,48,4.519774011299435,Sedang
752,18.83,,Medium,Night,Bike,8,0.0,68,3.6112586298459908,Sedang
258,14.07,Clear,Medium,Morning,Bike,16,9.0,73,5.188343994314144,Lama
539,9.29,Clear,Medium,Evening,Bike,10,9.0,40,4.305705059203445,Sedang
336,1.29,Rainy,Low,Evening,Bike,7,7.0,15,11.627906976744185,Cepat
16,4.08,Windy,Medium,Afternoon,Bike,7,0.0,33,8.088235294117647,Cepat
325,19.12,Windy,High,Evening,Car,8,0.0,92,4.8117154811715475,Lama
759,17.93,Clear,Medium,Afternoon,Bike,29,4.0,85,4.740658114891244,Lama
223,2.33,,Low,Morning,Car,6,1.0,17,7.296137339055794,Cepat
180,3.18,Rainy,Medium,Evening,Bike,21,3.0,42,13.20754716981132,Sedang
984,1.97,Clear,High,Morning,Car,28,7.0,43,21.82741116751269,Sedang
23,6.2,Windy,High,Evening,Scooter,7,3.0,42,6.774193548387097,Sedang
357,1.02,Windy,High,Evening,Bike,6,8.0,21,20.588235294117645,Cepat
667,5.3,Clear,Low,Evening,Bike,16,5.0,32,6.037735849056604,Cepat
862,9.34,Rainy,Low,Evening,Car,10,0.0,40,4.282655246252677,Sedang
341,10.09,Clear,Medium,Evening,Bike,7,0.0,49,4.856293359762141,Sedang
432,15.35,Rainy,High,Night,Scooter,23,9.0,80,5.211726384364821,Lama
552,17.12,Rainy,Low,Morning,Bike,26,3.0,86,5.0233644859813085,Lama
834,3.94,Snowy,Low,Afternoon,Bike,19,3.0,43,10.913705583756345,Sedang
204,18.02,Clear,,Evening,Car,12,3.0,77,4.273029966703663,Lama
631,14.41,Snowy,Medium,Evening,Bike,8,8.0,75,5.20471894517696,Lama
94,11.44,Rainy,Medium,Evening,Car,20,2.0,57,4.9825174825174825,Sedang
559,15.23,Foggy,Low,Morning,Car,6,0.0,52,3.414313854235062,Sedang
69,1.95,Clear,Low,Morning,Scooter,16,2.0,23,11.794871794871796,Cepat
623,7.72,Rainy,Medium,Morning,Bike,11,,36,4.663212435233161,Cepat
285,11.78,Clear,Low,Afternoon,Scooter,26,3.0,71,6.027164685908319,Lama
845,3.4,Windy,Medium,Morning,Bike,11,6.0,30,8.823529411764707,Cepat
435,2.14,Clear,High,Evening,Bike,18,3.0,34,15.887850467289718,Cepat
154,10.04,Rainy,High,Afternoon,Bike,12,9.0,59,5.876494023904383,Sedang
76,14.72,Clear,,Evening,Scooter,15,8.0,80,5.434782608695652,Lama
731,3.7,Clear,Medium,Morning,Bike,28,7.0,45,12.162162162162161,Sedang
447,19.73,Rainy,Low,Evening,Bike,8,8.0,64,3.243791180942727,Sedang
189,10.83,Clear,Medium,Evening,Scooter,8,9.0,51,4.7091412742382275,Sedang
272,16.3,Foggy,Low,Morning,Car,12,1.0,100,6.134969325153374,Lama
237,5.98,Foggy,High,Morning,Bike,14,6.0,44,7.357859531772575,Sedang
488,5.98,Rainy,High,Morning,Bike,21,2.0,60,10.03344481605351,Sedang
118,4.14,Foggy,Medium,Morning,Bike,21,0.0,46,11.111111111111112,Sedang
944,16.68,,Medium,Afternoon,Bike,9,9.0,63,3.776978417266187,Sedang
513,18.69,Windy,Medium,Night,Bike,23,9.0,74,3.9593365436062062,Lama
826,18.44,Rainy,High,Morning,Bike,27,7.0,80,4.338394793926247,Lama
592,13.0,Windy,High,Morning,Bike,22,8.0,65,5.0,Sedang
127,16.45,,Medium,Evening,Scooter,25,3.0,87,5.288753799392097,Lama
117,16.17,Clear,Medium,Evening,Car,10,2.0,116,7.17377860235003,Lama
474,17.88,Clear,Medium,Evening,Bike,29,3.0,98,5.480984340044743,Lama
694,5.23,Clear,Medium,Morning,Scooter,19,4.0,37,7.0745697896749515,Cepat
58,4.32,,Medium,Morning,Bike,17,4.0,36,8.333333333333332,Cepat
864,9.09,Rainy,Medium,Morning,Bike,6,7.0,43,4.730473047304731,Sedang
913,12.67,Windy,Medium,Morning,Scooter,7,3.0,43,3.393843725335438,Sedang
370,1.85,Clear,Medium,Evening,Bike,10,1.0,24,12.972972972972972,Cepat
269,7.51,Rainy,Low,Evening,Car,27,6.0,50,6.657789613848203,Sedang
47,6.58,Clear,Low,Afternoon,Bike,13,1.0,34,5.167173252279635,Cepat
350,12.7,Clear,Low,Morning,Scooter,22,2.0,57,4.488188976377953,Sedang
196,7.31,Foggy,Medium,Afternoon,Bike,26,2.0,65,8.891928864569083,Sedang
1000,9.2,Clear,High,Morning,Scooter,9,9.0,48,5.217391304347826,Sedang
835,10.22,Foggy,Low,Afternoon,Scooter,21,0.0,61,5.968688845401174,Sedang
737,8.15,Clear,High,Evening,Scooter,12,9.0,43,5.276073619631902,Sedang
264,10.61,Clear,Medium,Morning,Bike,17,0.0,59,5.5607917059377945,Sedang
444,7.73,Clear,High,Night,Bike,29,5.0,58,7.503234152652005,Sedang
676,19.66,Clear,Low,Morning,Car,19,6.0,70,3.560528992878942,Lama
305,14.66,Snowy,High,Morning,Car,5,6.0,71,4.843110504774898,Lama
342,9.73,Clear,Low,Afternoon,Bike,29,6.0,60,6.166495375128468,Sedang
967,14.52,Clear,Medium,Afternoon,Car,26,5.0,86,5.922865013774105,Lama
150,5.93,Foggy,High,,Scooter,27,1.0,106,17.875210792580102,Lama
125,4.94,Rainy,High,Evening,Scooter,28,4.0,63,12.753036437246962,Sedang
787,11.88,Rainy,High,Afternoon,Car,29,9.0,78,6.565656565656565,Lama
51,19.41,Foggy,Medium,Morning,Car,7,6.0,66,3.400309119010819,Sedang
354,3.68,,High,Afternoon,Car,16,6.0,47,12.771739130434781,Sedang
928,11.06,Clear,High,Evening,Bike,6,9.0,53,4.792043399638336,Sedang
143,10.2,Rainy,Medium,Afternoon,Bike,18,9.0,56,5.490196078431373,Sedang
471,0.74,Rainy,Low,Morning,Car,13,4.0,21,28.37837837837838,Cepat
400,15.21,Snowy,Medium,Afternoon,Bike,20,9.0,90,5.9171597633136095,Lama
626,7.69,Rainy,High,Morning,Scooter,16,3.0,58,7.542262678803641,Sedang
321,11.21,Clear,High,Afternoon,Scooter,23,1.0,76,6.779661016949152,Lama
20,6.18,Clear,Medium,Evening,Bike,9,9.0,35,5.6634304207119746,Cepat
810,2.71,Clear,Medium,Morning,Car,6,5.0,19,7.011070110701107,Cepat
791,3.49,Clear,Medium,Morning,Bike,17,2.0,38,10.888252148997134,Cepat
809,9.29,Clear,Medium,Morning,Bike,17,2.0,49,5.2744886975242204,Sedang
408,0.71,Foggy,Low,Night,Bike,29,1.0,41,57.74647887323944,Sedang
538,5.32,Rainy,Low,Afternoon,Scooter,27,2.0,48,9.022556390977444,Sedang
621,4.1,Clear,Medium,Evening,Car,18,3.0,38,9.26829268292683,Cepat
39,13.84,Clear,Low,Morning,Scooter,18,,64,4.624277456647399,Sedang
176,3.9,Rainy,High,Morning,Car,25,9.0,54,13.846153846153847,Sedang
246,18.6,Rainy,Medium,Morning,Car,28,9.0,77,4.139784946236559,Lama
829,14.88,Snowy,Medium,Evening,Bike,10,0.0,64,4.301075268817204,Sedang
668,3.63,Windy,Medium,Morning,Car,22,9.0,39,10.743801652892563,Cepat
755,3.22,Windy,High,Morning,Car,7,7.0,27,8.385093167701863,Cepat
859,11.51,Foggy,Low,Afternoon,Car,5,7.0,57,4.952215464813206,Sedang
155,19.72,Rainy,Low,Afternoon,Bike,27,6.0,109,5.52738336713996,Lama
288,11.08,Clear,Low,Evening,Scooter,28,2.0,58,5.234657039711191,Sedang
603,3.95,Clear,Medium,Morning,Car,28,5.0,47,11.89873417721519,Sedang
570,7.29,Clear,High,Evening,Car,11,7.0,48,6.584362139917696,Sedang
744,10.3,Clear,Low,Morning,Car,12,7.0,41,3.9805825242718442,Sedang
18,10.73,Rainy,High,Afternoon,Car,27,6.0,83,7.735321528424977,Lama
128,17.28,Clear,Low,Morning,Car,28,3.0,72,4.166666666666666,Lama
323,13.37,Foggy,Medium,Evening,Scooter,16,9.0,71,5.31039640987285,Lama
256,11.36,Clear,Medium,Morning,Scooter,8,2.0,52,4.577464788732395,Sedang
658,7.58,Clear,High,Afternoon,Scooter,19,9.0,57,7.519788918205805,Sedang
965,6.13,Rainy,High,,Bike,25,6.0,59,9.624796084828711,Sedang
191,2.32,Clear,Low,Afternoon,Scooter,23,1.0,32,13.793103448275863,Cepat
116,17.49,Rainy,Low,Evening,Bike,27,9.0,97,5.546026300743282,Lama
617,1.69,Windy,,Afternoon,Car,11,7.0,20,11.834319526627219,Cepat
607,4.52,,Low,Evening,Car,17,0.0,71,15.707964601769913,Lama
181,7.15,Windy,Low,Morning,Bike,15,3.0,42,5.874125874125874,Sedang
302,10.86,Windy,Medium,,Car,10,4.0,60,5.524861878453039,Sedang
760,15.88,Rainy,Low,Evening,Car,17,1.0,68,4.282115869017632,Sedang
713,9.7,Snowy,Low,Evening,Bike,6,,45,4.639175257731959,Sedang
724,14.95,Clear,Medium,Morning,Bike,13,7.0,49,3.277591973244147,Sedang
686,11.36,Foggy,Low,Afternoon,Bike,6,4.0,47,4.137323943661972,Sedang
980,12.14,Foggy,High,Afternoon,Bike,12,0.0,65,5.354200988467874,Sedang
518,16.31,Foggy,Medium,Afternoon,Car,14,7.0,71,4.353157572041693,Lama
985,14.7,Clear,Medium,Evening,Scooter,24,5.0,75,5.1020408163265305,Lama
46,13.42,Rainy,Medium,Evening,Bike,6,6.0,105,7.824143070044709,Lama
910,7.9,Clear,Low,Afternoon,Scooter,22,,48,6.075949367088607,Sedang
158,15.35,Foggy,Low,Morning,Car,5,3.0,56,3.648208469055375,Sedang
852,15.12,Foggy,Low,Morning,Bike,14,1.0,58,3.8359788359788363,Sedang
172,0.82,Windy,Low,Morning,Car,18,9.0,23,28.04878048780488,Cepat
17,6.43,Clear,Low,Evening,Car,9,7.0,26,4.043545878693624,Cepat
512,8.66,Snowy,High,Morning,Bike,29,3.0,77,8.891454965357967,Lama
49,11.16,Foggy,Medium,Afternoon,Car,21,4.0,77,6.899641577060931,Lama
972,18.77,Foggy,Low,Afternoon,Car,15,,71,3.7826318593500265,Lama
941,5.84,Clear,,Evening,Bike,21,7.0,35,5.993150684931507,Cepat
516,1.01,Clear,High,Night,Bike,17,7.0,29,28.712871287128714,Cepat
953,3.92,Rainy,Medium,Night,Bike,20,9.0,41,10.459183673469388,Sedang
481,12.77,Foggy,Low,Morning,Bike,22,8.0,71,5.559906029757244,Lama
284,2.33,Clear,Low,Evening,Bike,9,2.0,18,7.725321888412017,Cepat
719,2.92,Windy,High,Afternoon,Bike,24,4.0,48,16.438356164383563,Sedang
878,13.35,Rainy,Low,Evening,Scooter,14,4.0,91,6.8164794007490634,Lama
226,5.26,Rainy,Medium,Evening,Scooter,28,8.0,51,9.695817490494298,Sedang
27,4.39,Foggy,Medium,Night,Bike,12,8.0,38,8.65603644646925,Cepat
955,8.67,Windy,High,Morning,Bike,20,4.0,55,6.343713956170704,Sedang
438,16.53,Snowy,Low,Afternoon,Scooter,24,9.0,99,5.9891107078039925,Lama
952,13.47,Clear,Medium,Evening,Bike,19,4.0,59,4.380103934669636,Sedang
365,18.86,Snowy,Medium,Night,Bike,18,1.0,89,4.71898197242842,Lama
230,12.81,Clear,Low,Morning,Bike,12,2.0,51,3.981264637002342,Sedang
38,2.4,Snowy,Low,Night,Scooter,27,5.0,42,17.5,Sedang
966,7.44,Rainy,Medium,Evening,Bike,6,1.0,39,5.241935483870967,Cepat
375,1.89,Clear,Medium,Evening,Scooter,13,7.0,22,11.640211640211641,Cepat
470,19.28,Snowy,Medium,Morning,Car,21,3.0,101,5.238589211618257,Lama
968,6.29,,Medium,Morning,Scooter,10,7.0,27,4.292527821939586,Cepat
851,1.81,Clear,Medium,Afternoon,Car,23,3.0,34,18.784530386740332,Cepat
705,1.74,Clear,Medium,Night,Bike,23,2.0,34,19.54022988505747,Cepat
842,13.44,Clear,Medium,Morning,Car,22,1.0,79,5.877976190476191,Lama
195,7.11,Clear,Low,Afternoon,Scooter,27,,48,6.751054852320674,Sedang
855,4.5,Windy,Low,Evening,Scooter,20,6.0,32,7.111111111111111,Cepat
865,8.31,Windy,Medium,Morning,Bike,6,5.0,44,5.294825511432009,Sedang
504,16.37,Clear,High,Morning,Bike,26,7.0,97,5.92547342700061,Lama
970,9.78,Clear,Medium,Afternoon,Bike,18,3.0,58,5.930470347648262,Sedang
831,4.88,Windy,Medium,Afternoon,Scooter,26,7.0,48,9.836065573770492,Sedang
580,5.54,Rainy,Medium,,Scooter,28,9.0,51,9.205776173285198,Sedang
969,11.54,Clear,High,Afternoon,Car,10,0.0,56,4.852686308492202,Sedang
163,12.85,Clear,Low,Afternoon,Scooter,5,,54,4.202334630350195,Sedang
909,5.56,Clear,Low,Afternoon,Scooter,19,5.0,31,5.575539568345324,Cepat
153,3.33,,Medium,Evening,Scooter,24,2.0,44,13.213213213213212,Sedang
802,3.47,Snowy,High,Night,Bike,24,9.0,53,15.273775216138327,Sedang
994,12.01,Clear,Low,Morning,Scooter,26,6.0,57,4.746044962531224,Sedang
756,15.98,Foggy,Low,Morning,Car,21,6.0,90,5.632040050062578,Lama
112,3.64,Clear,Low,Morning,Scooter,16,3.0,26,7.142857142857142,Cepat
227,19.47,Clear,Low,Morning,Bike,16,8.0,83,4.262968669748331,Lama
689,15.51,Rainy,Medium,Morning,Scooter,10,8.0,81,5.222437137330754,Lama
104,10.42,Windy,Medium,Afternoon,Bike,28,3.0,72,6.90978886756238,Lama
422,15.9,Rainy,Low,Evening,Car,19,5.0,78,4.90566037735849,Lama
420,15.17,Windy,Low,Morning,Bike,25,4.0,77,5.075807514831905,Lama
751,2.78,Rainy,Low,,Bike,21,4.0,37,13.309352517985612,Cepat
587,1.98,Rainy,Low,Afternoon,Bike,22,0.0,39,19.696969696969695,Cepat
781,14.03,Clear,Low,Afternoon,Bike,17,2.0,65,4.632929436920884,Sedang
673,2.06,Foggy,Medium,Evening,Scooter,22,4.0,40,19.41747572815534,Sedang
120,11.02,Clear,High,Morning,Scooter,22,2.0,70,6.352087114337568,Lama
54,17.95,Snowy,High,Morning,Scooter,16,,96,5.348189415041783,Lama
152,5.17,Foggy,Low,Morning,Bike,29,0.0,56,10.831721470019342,Sedang
404,16.62,Snowy,Low,Afternoon,Bike,26,8.0,94,5.655836341756919,Lama
946,0.71,Rainy,Low,Morning,Car,25,8.0,31,43.66197183098592,Cepat
208,13.44,Clear,,Evening,Scooter,9,5.0,55,4.092261904761905,Sedang
659,13.1,Clear,Low,Evening,Bike,28,2.0,72,5.4961832061068705,Lama
844,19.24,Rainy,High,Afternoon,Bike,9,7.0,75,3.8981288981288986,Lama
763,5.35,Clear,Medium,Afternoon,Scooter,24,6.0,43,8.037383177570094,Sedang
9,12.22,Clear,Low,Evening,Scooter,15,0.0,56,4.582651391162029,Sedang
808,18.55,Clear,Low,Afternoon,Car,11,9.0,69,3.719676549865229,Sedang
37,6.44,Clear,Low,Afternoon,Car,18,2.0,43,6.6770186335403725,Sedang
453,8.77,Foggy,Medium,Evening,Car,14,7.0,49,5.587229190421893,Sedang
652,10.97,Clear,Low,Afternoon,Scooter,27,3.0,51,4.649042844120328,Sedang
254,6.68,Clear,High,Morning,Scooter,10,5.0,44,6.586826347305389,Sedang
304,12.93,Rainy,Low,Afternoon,Scooter,25,0.0,61,4.717710750193349,Sedang
747,7.99,Clear,Medium,Evening,Bike,18,4.0,42,5.256570713391739,Sedang
572,15.78,Clear,High,Afternoon,Scooter,12,1.0,68,4.309252217997465,Sedang
624,9.95,Windy,High,Evening,Scooter,21,5.0,72,7.236180904522613,Lama
733,13.47,Rainy,Low,Afternoon,Scooter,7,6.0,46,3.414996288047513,Sedang
892,17.19,Clear,Medium,Afternoon,Bike,11,8.0,76,4.421175101803374,Lama
263,3.23,Clear,High,Afternoon,Bike,17,9.0,33,10.21671826625387,Cepat
611,1.27,Foggy,High,Afternoon,Bike,25,9.0,46,36.22047244094488,Sedang
298,4.71,Clear,Low,Morning,Bike,20,6.0,31,6.581740976645436,Cepat
415,12.82,Rainy,Medium,Evening,Bike,28,9.0,72,5.616224648985959,Lama
151,18.21,,Low,Evening,Bike,6,3.0,74,4.063701263042284,Lama
789,9.51,Clear,High,Morning,Bike,26,9.0,63,6.624605678233439,Sedang
641,0.89,Rainy,Low,Morning,Car,9,0.0,20,22.47191011235955,Cepat
890,5.24,Windy,High,Afternoon,Scooter,26,8.0,51,9.732824427480915,Sedang
551,10.64,Windy,Low,Evening,Car,11,9.0,36,3.3834586466165413,Cepat
887,13.23,Clear,Medium,Night,Bike,20,8.0,70,5.291005291005291,Lama
489,19.03,Clear,Medium,Morning,Scooter,8,8.0,65,3.415659485023647,Sedang
148,10.3,Rainy,Low,Evening,Bike,29,0.0,73,7.0873786407766985,Lama
147,12.39,Snowy,Medium,Evening,Bike,14,8.0,56,4.519774011299435,Sedang
721,18.8,Clear,High,Afternoon,Bike,23,7.0,95,5.053191489361702,Lama
932,16.78,Rainy,Medium,Morning,Bike,22,1.0,70,4.171632896305125,Lama
740,7.85,Clear,Low,Afternoon,Scooter,7,9.0,34,4.3312101910828025,Cepat
660,11.63,Clear,Medium,Night,Scooter,29,7.0,57,4.901117798796216,Sedang
349,7.8,Windy,Medium,Afternoon,Car,17,6.0,44,5.641025641025641,Sedang
464,11.88,Rainy,Medium,Afternoon,Bike,5,1.0,63,5.303030303030303,Sedang
326,14.89,Clear,High,Evening,Car,22,9.0,88,5.910006715916722,Lama
187,16.44,Rainy,High,Afternoon,Bike,12,,86,5.231143552311435,Lama
124,2.65,,Medium,Afternoon,Car,14,4.0,35,13.20754716981132,Cepat
854,18.01,Foggy,High,Night,Bike,14,2.0,71,3.942254303164908,Lama
609,10.32,Clear,Medium,Night,Car,24,5.0,49,4.7480620155038755,Sedang
144,6.37,Rainy,Low,Afternoon,Car,29,4.0,56,8.79120879120879,Sedang
959,3.74,Rainy,Low,Morning,Bike,19,6.0,36,9.62566844919786,Cepat
198,17.99,Windy,High,Evening,Bike,5,1.0,73,4.0578098943857706,Lama
610,13.96,Rainy,Low,Night,Bike,5,1.0,42,3.0085959885386817,Sedang
280,16.02,Clear,Low,Evening,Bike,20,7.0,61,3.807740324594257,Sedang
294,7.52,,Medium,Afternoon,Car,17,9.0,44,5.851063829787234,Sedang
401,2.51,Clear,Low,Morning,Bike,16,2.0,28,11.155378486055778,Cepat
123,6.7,Foggy,High,Morning,Scooter,23,3.0,59,8.805970149253731,Sedang
184,17.61,Windy,Low,Morning,Bike,5,8.0,61,3.4639409426462238,Sedang
203,3.65,Clear,Medium,Morning,Bike,29,9.0,46,12.602739726027398,Sedang
439,14.27,Clear,Medium,Night,Car,24,3.0,77,5.39593552908199,Lama
247,8.85,Clear,Low,Afternoon,Bike,11,9.0,45,5.084745762711864,Sedang
416,9.24,Windy,,Afternoon,Bike,8,2.0,49,5.303030303030303,Sedang
933,19.7,Rainy,Low,Evening,Car,16,6.0,66,3.3502538071065993,Sedang
766,11.61,Clear,High,Morning,Car,19,1.0,67,5.770887166236004,Sedang
907,16.44,Windy,High,Afternoon,Car,8,0.0,80,4.8661800486618,Lama
836,8.67,Rainy,High,Afternoon,Bike,12,7.0,104,11.995386389850058,Lama
888,5.14,Clear,Medium,Evening,Scooter,23,7.0,43,8.365758754863814,Sedang
130,10.46,Clear,,Evening,Bike,25,3.0,68,6.50095602294455,Sedang
638,5.23,Clear,Medium,Morning,Scooter,23,2.0,47,8.98661567877629,Sedang
403,10.35,Clear,Medium,Night,Bike,7,9.0,48,4.63768115942029,Sedang
785,4.04,Rainy,High,Evening,Bike,14,6.0,39,9.653465346534654,Cepat
771,2.66,Clear,Low,Afternoon,Bike,16,8.0,21,7.894736842105263,Cepat
736,17.61,Foggy,Medium,Afternoon,Bike,9,5.0,74,4.202157864849517,Lama
914,8.48,Clear,High,Night,Bike,11,5.0,39,4.599056603773585,Cepat
220,17.06,Clear,Low,Evening,Bike,9,9.0,66,3.8686987104337636,Sedang
642,6.78,Foggy,Low,Night,Bike,18,6.0,42,6.1946902654867255,Sedang
916,9.0,Snowy,Medium,Afternoon,Car,29,3.0,78,8.666666666666666,Lama
753,12.74,Clear,Low,Afternoon,Scooter,12,0.0,63,4.945054945054945,Sedang
807,18.72,Rainy,Medium,Afternoon,Bike,17,0.0,89,4.754273504273504,Lama
920,3.23,Clear,Low,,Bike,7,7.0,14,4.3343653250774,Cepat
625,12.56,Clear,Low,Morning,Car,22,8.0,49,3.901273885350318,Sedang
875,1.0,Snowy,Medium,Morning,Bike,28,0.0,51,51.0,Sedang
761,3.46,Clear,Low,Morning,Bike,24,6.0,37,10.69364161849711,Cepat
387,6.0,Snowy,Low,Morning,Car,20,8.0,53,8.833333333333334,Sedang
973,14.79,Clear,Medium,Morning,Scooter,12,9.0,64,4.3272481406355645,Sedang
510,14.65,Snowy,High,Morning,Car,19,3.0,95,6.484641638225256,Lama
268,14.2,Clear,Medium,Afternoon,Bike,17,1.0,73,5.140845070422536,Lama
820,7.04,Clear,Low,Afternoon,Bike,11,8.0,38,5.3977272727272725,Cepat
442,19.74,Clear,,Afternoon,Car,16,1.0,98,4.964539007092199,Lama
497,11.88,Rainy,Medium,Evening,Bike,20,8.0,69,5.808080808080808,Sedang
113,18.63,Clear,Low,Evening,Bike,26,8.0,75,4.025764895330113,Lama
692,8.8,Rainy,Medium,Afternoon,Bike,6,2.0,38,4.3181818181818175,Cepat
233,11.75,Clear,High,Morning,Bike,9,2.0,55,4.680851063829787,Sedang
870,18.95,Snowy,Low,Morning,Car,27,0.0,92,4.854881266490765,Lama
608,7.6,Foggy,Low,Morning,Bike,16,4.0,48,6.315789473684211,Sedang
672,17.99,Foggy,Low,Morning,Car,11,2.0,84,4.669260700389105,Lama
374,13.82,Clear,Medium,Evening,Bike,21,9.0,72,5.209840810419681,Lama
982,15.53,Foggy,Low,Evening,Bike,26,7.0,68,4.3786220218931104,Sedang
843,3.97,Clear,High,Afternoon,Bike,19,8.0,40,10.075566750629722,Sedang
234,10.1,Clear,High,Morning,Car,17,6.0,55,5.445544554455446,Sedang
786,18.21,Foggy,Low,Morning,Bike,5,1.0,70,3.844041735310269,Lama
677,2.68,Clear,Low,Morning,Bike,16,8.0,25,9.328358208955223,Cepat
318,3.88,Snowy,Low,Morning,Bike,9,6.0,33,8.505154639175258,Cepat
649,15.89,Snowy,Medium,Afternoon,Car,15,9.0,91,5.726872246696035,Lama
411,6.73,Clear,Medium,Afternoon,Bike,21,1.0,54,8.023774145616642,Sedang
899,0.75,Clear,Medium,Afternoon,Bike,10,5.0,16,21.333333333333332,Cepat
710,13.79,Rainy,Low,Night,Scooter,11,0.0,69,5.003625815808557,Sedang
359,18.83,Clear,Medium,Evening,Scooter,5,8.0,69,3.6643653744025495,Sedang
259,11.62,Clear,Low,Afternoon,Bike,9,8.0,33,2.8399311531841653,Cepat
745,5.03,Clear,Medium,Morning,Bike,17,,38,7.5546719681908545,Cepat
628,15.08,Rainy,Medium,Evening,Scooter,26,1.0,94,6.23342175066313,Lama
633,10.48,Rainy,Low,Afternoon,Car,10,7.0,45,4.293893129770992,Sedang
283,7.82,Rainy,Medium,Evening,Bike,16,8.0,45,5.754475703324808,Sedang
377,16.98,Clear,Low,,Bike,11,6.0,78,4.593639575971731,Lama
385,14.83,Rainy,Low,Morning,Car,19,4.0,126,8.496291301416049,Lama
225,5.67,Clear,Low,Morning,Scooter,11,9.0,27,4.761904761904762,Cepat
954,18.33,Snowy,Medium,Morning,Scooter,5,5.0,67,3.655210038188762,Sedang
815,17.46,Clear,Medium,Morning,Scooter,6,,62,3.5509736540664374,Sedang
473,1.34,Foggy,High,Evening,Bike,9,5.0,30,22.388059701492537,Cepat
348,1.38,Clear,Low,Morning,Scooter,13,9.0,17,12.318840579710146,Cepat
506,3.67,Clear,Low,,Bike,9,0.0,26,7.084468664850136,Cepat
640,7.86,Windy,Medium,Morning,Car,22,2.0,55,6.997455470737913,Sedang
988,8.98,Clear,Medium,Afternoon,Scooter,22,8.0,105,11.692650334075724,Lama
929,12.85,Rainy,Medium,Evening,Scooter,6,7.0,61,4.747081712062257,Sedang
906,17.91,Clear,Low,Afternoon,Bike,6,7.0,68,3.7967615857063093,Sedang
620,15.09,Snowy,Low,Morning,Car,20,7.0,68,4.506295559973492,Sedang
856,4.22,Clear,Medium,Morning,Bike,16,7.0,35,8.293838862559243,Cepat
804,12.33,Clear,High,Night,Bike,7,2.0,101,8.19140308191403,Lama
646,17.87,Snowy,Low,Morning,Scooter,29,4.0,87,4.8684946838276435,Lama
847,2.16,Clear,Medium,Night,Car,10,1.0,23,10.648148148148147,Cepat
557,3.11,Rainy,Medium,Morning,Scooter,21,1.0,43,13.826366559485532,Sedang
958,1.42,Clear,High,Afternoon,Scooter,24,2.0,40,28.169014084507044,Sedang
578,18.57,Rainy,Medium,Afternoon,Bike,16,7.0,89,4.792676359719978,Lama
796,17.51,Clear,Medium,Evening,Bike,15,3.0,60,3.4266133637921183,Sedang
86,6.84,Clear,Medium,Evening,Bike,25,1.0,51,7.4561403508771935,Sedang
243,18.34,Snowy,Medium,Afternoon,Scooter,22,,91,4.961832061068702,Lama
699,3.51,Windy,Medium,Night,Bike,22,2.0,44,12.535612535612536,Sedang
160,14.7,Clear,Medium,Morning,Scooter,6,2.0,58,3.9455782312925174,Sedang
525,16.85,Clear,High,Morning,Car,17,4.0,71,4.213649851632047,Lama
36,16.26,Rainy,Low,Morning,Car,27,5.0,66,4.059040590405903,Sedang
541,19.1,Snowy,Medium,Morning,Bike,25,6.0,90,4.712041884816753,Lama
171,13.71,Rainy,Medium,Evening,Bike,22,9.0,64,4.6681254558716265,Sedang
655,8.92,Clear,Medium,,Bike,10,1.0,51,5.7174887892376685,Sedang
891,14.58,Clear,Low,Evening,Bike,23,0.0,70,4.801097393689986,Lama
858,9.71,Clear,Low,Afternoon,Car,27,5.0,61,6.282183316168897,Sedang
848,19.94,Clear,Low,Afternoon,Bike,26,6.0,83,4.162487462387161,Lama
945,4.53,Snowy,Medium,Morning,Scooter,18,4.0,49,10.816777041942604,Sedang
734,10.7,Clear,High,Afternoon,Car,8,4.0,57,5.327102803738318,Sedang
96,10.13,Clear,Medium,Evening,Bike,22,0.0,65,6.416584402764067,Sedang
564,0.78,Clear,Low,Afternoon,Bike,11,0.0,18,23.076923076923077,Cepat
241,18.84,Foggy,Medium,Afternoon,Scooter,25,8.0,88,4.670912951167728,Lama
743,15.08,Snowy,Low,Evening,Bike,29,7.0,84,5.570291777188329,Lama
575,17.32,Clear,Low,Evening,Scooter,10,3.0,77,4.445727482678984,Lama
691,6.81,Clear,Medium,Evening,Bike,23,2.0,47,6.901615271659325,Sedang
461,2.79,Clear,High,Morning,Bike,23,7.0,38,13.620071684587813,Cepat
554,11.44,Foggy,High,Afternoon,Car,14,4.0,74,6.468531468531469,Lama
889,2.44,Snowy,High,Evening,Bike,13,9.0,39,15.98360655737705,Cepat
207,2.48,Rainy,Low,Evening,Scooter,20,8.0,30,12.096774193548388,Cepat
393,7.75,,Medium,Evening,Scooter,21,1.0,55,7.096774193548387,Sedang
795,0.85,Clear,Medium,Morning,Bike,9,8.0,17,20.0,Cepat
398,8.87,Clear,Low,Evening,Bike,19,3.0,55,6.2006764374295384,Sedang
767,15.37,Snowy,Medium,Afternoon,Car,15,5.0,66,4.294079375406636,Sedang
849,10.29,Foggy,Medium,Evening,Scooter,25,4.0,67,6.511175898931001,Sedang
218,15.06,Rainy,Low,Morning,Bike,22,4.0,65,4.316069057104913,Sedang
5,3.54,Foggy,Low,,Bike,23,7.0,37,10.451977401129943,Cepat
769,7.17,Clear,Medium,Morning,Scooter,7,9.0,29,4.044630404463041,Cepat
643,4.62,Rainy,Medium,Afternoon,Car,8,3.0,33,7.142857142857142,Cepat
930,5.53,Clear,Low,Morning,Car,10,8.0,27,4.882459312839059,Cepat
613,12.74,Rainy,Low,Afternoon,Bike,17,9.0,63,4.945054945054945,Sedang
739,9.06,Clear,High,Evening,Bike,26,3.0,61,6.73289183222958,Sedang
547,2.71,Foggy,Low,Morning,Bike,6,0.0,28,10.33210332103321,Cepat
726,16.92,Clear,Low,Night,Bike,23,5.0,78,4.609929078014184,Lama
684,13.54,Foggy,Low,Morning,Bike,11,1.0,54,3.9881831610044314,Sedang
99,1.0,Snowy,Medium,Morning,Bike,25,4.0,44,44.0,Sedang
805,8.77,Clear,Medium,Morning,Car,12,2.0,42,4.789053591790194,Sedang
728,16.01,Windy,Low,Morning,Car,28,0.0,84,5.246720799500312,Lama
574,12.63,Foggy,Medium,Night,Scooter,8,8.0,49,3.8796516231195564,Sedang
407,8.09,Foggy,Low,Evening,Car,22,2.0,56,6.9221260815822,Sedang
503,6.54,Clear,Medium,Night,Bike,10,7.0,39,5.963302752293578,Cepat
48,10.64,Clear,Medium,Afternoon,Scooter,14,5.0,45,4.2293233082706765,Sedang
33,1.77,Clear,Medium,Evening,Bike,14,9.0,22,12.429378531073446,Cepat
780,13.0,Foggy,Low,Evening,Bike,25,7.0,77,5.923076923076923,Lama
840,12.83,Clear,Low,Evening,Bike,5,8.0,50,3.897116134060795,Sedang
201,13.02,Snowy,High,Afternoon,Car,6,9.0,65,4.992319508448541,Sedang
135,18.89,Rainy,Medium,Morning,Scooter,22,1.0,74,3.9174166225516145,Lama
28,10.53,Foggy,High,Evening,Bike,25,8.0,72,6.837606837606838,Lama
881,5.01,Rainy,Low,Afternoon,Bike,10,5.0,31,6.187624750499002,Cepat
231,16.0,Foggy,Medium,Afternoon,Scooter,13,3.0,65,4.0625,Sedang
490,17.86,Clear,Low,Afternoon,Scooter,16,8.0,83,4.647256438969765,Lama
773,2.99,Foggy,High,Afternoon,Bike,9,5.0,90,30.100334448160535,Lama
379,16.38,Clear,Medium,Morning,Bike,6,2.0,51,3.1135531135531136,Sedang
289,6.09,Clear,Medium,Night,Bike,7,4.0,27,4.433497536945813,Cepat
419,13.61,Clear,Low,Morning,Bike,26,0.0,66,4.849375459221161,Sedang
675,8.5,Snowy,High,Evening,Bike,14,7.0,56,6.588235294117647,Sedang
392,8.55,Clear,Low,Evening,Scooter,28,8.0,46,5.380116959064327,Sedang
593,4.05,Clear,Medium,Afternoon,Scooter,21,5.0,39,9.62962962962963,Cepat
499,19.5,Clear,High,Morning,Bike,18,2.0,73,3.7435897435897436,Lama
139,7.59,Clear,,Afternoon,Scooter,16,3.0,37,4.874835309617918,Cepat
63,16.66,Snowy,High,Afternoon,Scooter,29,7.0,95,5.702280912364946,Lama
472,19.41,Snowy,High,Evening,Car,21,3.0,100,5.151983513652756,Lama
648,13.74,Foggy,Medium,Afternoon,Bike,6,1.0,56,4.075691411935954,Sedang
129,0.64,Clear,High,Night,Bike,10,3.0,24,37.5,Cepat
977,12.1,Clear,High,Afternoon,Bike,11,0.0,53,4.380165289256198,Sedang
521,12.09,Clear,Medium,Morning,Car,13,1.0,60,4.962779156327543,Sedang
839,11.82,Windy,Medium,Night,Bike,24,7.0,77,6.514382402707276,Lama
963,5.28,Foggy,Low,Morning,Bike,27,6.0,53,10.037878787878787,Sedang
65,5.98,Clear,Low,Evening,Car,22,9.0,35,5.852842809364548,Cepat
813,2.93,Clear,Medium,Morning,Bike,24,8.0,94,32.081911262798634,Lama
15,4.05,Snowy,Medium,Evening,Scooter,19,2.0,50,12.345679012345679,Sedang
157,13.61,Clear,Low,,Scooter,12,2.0,43,3.1594415870683323,Sedang
41,2.88,Rainy,,Morning,Car,16,4.0,41,14.236111111111112,Sedang
493,5.91,Clear,Medium,Evening,Scooter,29,4.0,57,9.644670050761421,Sedang
380,6.0,Rainy,Medium,Evening,Scooter,21,2.0,47,7.833333333333333,Sedang
188,11.33,Clear,Medium,Afternoon,Scooter,29,7.0,77,6.796116504854369,Lama
764,15.01,Clear,Medium,Morning,Bike,15,6.0,64,4.263824117255163,Sedang
217,6.85,Clear,High,Morning,Bike,16,5.0,48,7.007299270072993,Sedang
792,11.93,Snowy,High,Morning,Car,7,1.0,75,6.286672254819782,Lama
53,18.82,Windy,Low,Morning,Car,5,3.0,77,4.0913921360255046,Lama
879,1.03,Clear,Medium,Afternoon,Bike,19,4.0,29,28.155339805825243,Cepat
338,14.22,Rainy,,Evening,Car,25,8.0,84,5.9071729957805905,Lama
749,18.18,Snowy,High,,Bike,17,3.0,85,4.675467546754676,Lama
720,14.75,Clear,Low,Morning,Car,10,7.0,62,4.203389830508475,Sedang
725,11.7,Rainy,Low,Afternoon,Bike,17,5.0,60,5.128205128205129,Sedang
296,10.68,Clear,Low,Morning,Bike,14,1.0,42,3.9325842696629216,Sedang
702,1.51,Clear,High,Evening,Bike,26,1.0,44,29.13907284768212,Sedang
252,8.01,Clear,High,Morning,Bike,8,6.0,48,5.992509363295881,Sedang
727,3.23,Rainy,Low,Morning,Car,25,7.0,42,13.003095975232199,Sedang
462,13.16,Rainy,High,Morning,Scooter,25,8.0,68,5.167173252279635,Sedang
456,10.11,Windy,Low,Morning,Bike,11,4.0,44,4.3521266073194855,Sedang
997,18.39,Windy,Low,Afternoon,Bike,24,6.0,74,4.0239260467645455,Lama
816,10.62,Windy,Medium,Afternoon,Car,22,5.0,54,5.084745762711865,Sedang
863,10.73,Clear,,Afternoon,Bike,7,5.0,57,5.312208760484622,Sedang
270,6.23,Clear,Medium,Evening,Car,20,1.0,51,8.186195826645264,Sedang
202,2.14,Clear,Low,Afternoon,Bike,25,1.0,36,16.822429906542055,Cepat
162,12.83,Clear,Medium,Morning,Bike,19,2.0,76,5.9236165237724085,Lama
556,8.37,Clear,High,Evening,Scooter,13,7.0,42,5.017921146953405,Sedang
730,3.69,Rainy,Medium,Afternoon,Bike,8,8.0,27,7.317073170731708,Cepat
402,18.1,Clear,Low,Morning,Scooter,8,5.0,77,4.254143646408839,Lama
703,7.06,Clear,Low,Afternoon,Scooter,26,5.0,51,7.223796033994335,Sedang
477,1.94,Foggy,Low,Night,Bike,10,1.0,25,12.88659793814433,Cepat
822,0.59,Clear,Low,Afternoon,Bike,21,0.0,27,45.76271186440678,Cepat
772,17.01,Snowy,Low,Night,Bike,28,6.0,97,5.702527924750147,Lama
106,5.36,Clear,Low,Afternoon,Scooter,11,4.0,30,5.597014925373134,Cepat
566,12.0,Clear,Low,Evening,Car,25,0.0,75,6.25,Lama
390,16.23,Clear,Medium,Evening,Bike,6,0.0,54,3.3271719038817005,Sedang
2,19.04,Rainy,Low,Evening,Car,12,6.0,60,3.151260504201681,Sedang
938,18.33,Foggy,Medium,Morning,Scooter,19,0.0,98,5.346426623022368,Lama
983,2.58,Clear,Medium,Morning,Scooter,25,7.0,37,14.341085271317828,Cepat
562,4.65,Clear,Medium,Evening,Bike,21,1.0,46,9.89247311827957,Sedang
81,17.33,Snowy,Low,Evening,Scooter,12,3.0,79,4.558568955568379,Lama
206,0.68,Snowy,High,Evening,Bike,29,8.0,50,73.52941176470588,Sedang
35,19.33,Clear,Medium,Morning,Bike,7,8.0,73,3.7765131919296433,Lama
776,3.42,Clear,Medium,Night,Car,11,9.0,24,7.017543859649123,Cepat
509,19.02,Rainy,High,Evening,Scooter,22,1.0,106,5.573080967402734,Lama
428,17.81,Windy,High,Evening,Bike,21,4.0,122,6.850084222346997,Lama
455,2.67,Clear,Medium,Night,Car,17,6.0,28,10.486891385767791,Cepat
367,19.24,Snowy,Low,,Bike,26,1.0,114,5.925155925155925,Lama
92,14.41,Rainy,,Night,Bike,16,6.0,85,5.898681471200555,Lama
340,2.41,,Medium,Evening,Bike,15,9.0,25,10.373443983402488,Cepat
898,17.98,Clear,Low,Evening,Bike,5,8.0,45,2.5027808676307006,Sedang
565,7.34,Foggy,Medium,Afternoon,Bike,22,5.0,93,12.670299727520437,Lama
346,12.51,Clear,Medium,Evening,Bike,18,5.0,62,4.95603517186251,Sedang
777,4.97,Rainy,Low,Evening,Bike,17,9.0,34,6.841046277665996,Cepat
242,19.1,Snowy,Low,Afternoon,Bike,18,1.0,101,5.287958115183246,Lama
14,4.64,Clear,Low,Afternoon,Bike,15,9.0,24,5.172413793103448,Cepat
316,14.07,Rainy,Low,Evening,Bike,10,5.0,63,4.477611940298507,Sedang
601,3.79,Clear,Medium,Morning,Bike,13,2.0,34,8.970976253298153,Cepat
388,3.96,Clear,Medium,Afternoon,Bike,23,,44,11.11111111111111,Sedang
274,18.31,Clear,Medium,Afternoon,Bike,25,3.0,79,4.314582195521573,Lama
167,6.76,Foggy,Medium,Night,Bike,7,6.0,42,6.21301775147929,Sedang
841,0.76,Clear,Low,Afternoon,Car,26,9.0,28,36.8421052631579,Cepat
993,5.81,Rainy,Medium,Evening,Bike,14,8.0,41,7.056798623063684,Sedang
647,12.08,Clear,High,Afternoon,Scooter,16,4.0,60,4.966887417218543,Sedang
819,1.57,Rainy,Low,Evening,Car,16,1.0,30,19.108280254777068,Cepat
485,11.89,Clear,Medium,Afternoon,Bike,28,0.0,79,6.644238856181665,Lama
981,7.02,Clear,Medium,Evening,Car,23,2.0,53,7.54985754985755,Sedang
505,13.85,Clear,Low,Evening,Bike,29,5.0,71,5.126353790613718,Lama
832,9.32,Rainy,Medium,Evening,Scooter,24,2.0,71,7.618025751072961,Lama
244,7.72,Foggy,High,Evening,Bike,19,4.0,64,8.290155440414509,Sedang
567,8.15,Rainy,Low,Afternoon,Bike,26,2.0,50,6.134969325153374,Sedang
876,3.54,Rainy,Medium,Afternoon,Scooter,17,4.0,41,11.581920903954803,Sedang
563,3.16,Snowy,Low,Morning,Car,9,,27,8.544303797468354,Cepat
687,11.65,Windy,Low,Night,Bike,10,3.0,53,4.549356223175965,Sedang
190,5.22,Snowy,Medium,,Scooter,14,3.0,43,8.237547892720308,Sedang
783,5.41,Clear,High,Morning,Scooter,17,6.0,38,7.024029574861368,Cepat
700,9.88,Rainy,Medium,Morning,Car,7,0.0,43,4.3522267206477725,Sedang
476,19.86,Rainy,High,Evening,Bike,12,8.0,71,3.5750251762336354,Lama
682,5.53,Windy,High,Morning,Bike,23,4.0,59,10.669077757685352,Sedang
511,12.46,Foggy,Low,Afternoon,Bike,10,1.0,62,4.975922953451043,Sedang
59,1.38,Clear,Medium,Morning,Car,6,3.0,17,12.318840579710146,Cepat
475,10.79,Clear,Medium,Evening,Scooter,24,1.0,65,6.024096385542169,Sedang
561,14.23,Clear,Medium,Afternoon,Scooter,23,7.0,70,4.919184820801124,Lama
857,1.21,Snowy,Low,Afternoon,Bike,22,1.0,39,32.231404958677686,Cepat
748,11.1,Clear,Low,Afternoon,Bike,18,7.0,56,5.045045045045045,Sedang
253,17.1,Clear,Medium,Evening,Bike,25,5.0,65,3.8011695906432745,Sedang
22,3.22,Clear,Medium,Afternoon,Bike,19,9.0,32,9.937888198757763,Cepat
314,19.27,Foggy,Medium,Morning,Car,29,9.0,85,4.411001556824079,Lama
460,2.82,Rainy,Medium,Evening,Scooter,10,1.0,29,10.283687943262413,Cepat
161,7.67,Foggy,Medium,Afternoon,Scooter,22,8.0,59,7.6923076923076925,Sedang
277,16.07,Clear,Medium,Evening,Bike,16,5.0,64,3.9825762289981332,Sedang
956,7.97,Windy,Medium,Evening,Scooter,9,8.0,35,4.391468005018821,Cepat
192,18.0,Rainy,High,Night,Car,22,,98,5.444444444444445,Lama
386,16.17,Clear,Medium,Evening,Scooter,12,2.0,78,4.823747680890538,Lama
806,14.86,,High,Night,Scooter,15,4.0,91,6.123822341857335,Lama
414,11.68,Clear,,Afternoon,Scooter,25,7.0,70,5.993150684931507,Lama
492,12.59,Clear,Low,Evening,Scooter,10,2.0,39,3.0976965845909454,Cepat
344,8.96,Snowy,,Morning,Car,6,5.0,51,5.691964285714286,Sedang
770,16.51,Clear,Medium,Morning,Bike,7,1.0,79,4.784978800726832,Lama
309,16.01,Clear,Low,Afternoon,Car,12,4.0,72,4.497189256714553,Lama
662,19.74,Rainy,High,Afternoon,Scooter,11,7.0,81,4.103343465045593,Lama
131,8.64,Snowy,Low,Evening,Bike,29,4.0,62,7.175925925925926,Sedang
664,5.13,Clear,Medium,Morning,Car,16,1.0,38,7.407407407407407,Cepat
872,5.78,Clear,High,Morning,Bike,11,5.0,38,6.5743944636678195,Cepat
100,2.6,Clear,Low,Afternoon,Bike,16,1.0,29,11.153846153846153,Cepat
373,2.34,Foggy,Medium,Morning,Bike,8,2.0,28,11.965811965811966,Cepat
88,12.93,Clear,Medium,Morning,Scooter,20,8.0,58,4.4856921887084305,Sedang
459,1.6,Clear,Medium,Evening,Bike,14,8.0,24,15.0,Cepat
331,7.44,Rainy,Low,Evening,Bike,27,,53,7.123655913978494,Sedang
215,14.39,Rainy,Medium,Morning,Scooter,6,,50,3.4746351633078527,Sedang
467,6.07,,Low,Afternoon,Bike,18,4.0,35,5.766062602965404,Cepat
122,17.97,Windy,Medium,Morning,Scooter,28,7.0,92,5.119643850862549,Lama
615,17.53,Clear,Low,Afternoon,Bike,14,6.0,79,4.506560182544209,Lama
21,12.43,Rainy,High,Morning,Bike,13,6.0,70,5.631536604987932,Lama
701,10.89,Windy,Medium,Evening,Bike,7,0.0,58,5.325987144168962,Sedang
72,4.37,Clear,Medium,Evening,Scooter,6,7.0,25,5.720823798627002,Cepat
107,8.5,Clear,High,Evening,Car,13,3.0,54,6.352941176470588,Sedang
271,16.28,Rainy,Low,Morning,Scooter,8,9.0,71,4.361179361179361,Lama
861,15.62,Snowy,High,Evening,Scooter,26,2.0,81,5.185659411011524,Lama
436,14.17,Clear,Low,Afternoon,Bike,8,0.0,55,3.881439661256175,Sedang
103,6.63,Foggy,Low,Night,Scooter,24,3.0,58,8.748114630467573,Sedang
